x-axis,1
second,Volt
+212.000E-03,+63E-06
+213.000E-03,-563E-06
+214.000E-03,-63E-06
+215.000E-03,-563E-06
+216.000E-03,-625E-06
+217.000E-03,-188E-06
+218.000E-03,-375E-06
+219.000E-03,-250E-06
+220.000E-03,-500E-06
+221.000E-03,+63E-06
+222.000E-03,-875E-06
+223.000E-03,-313E-06
+224.000E-03,-125E-06
+225.000E-03,-125E-06
+226.000E-03,-938E-06
+227.000E-03,-125E-06
+228.000E-03,-250E-06
+229.000E-03,-688E-06
+230.000E-03,-438E-06
+231.000E-03,-750E-06
+232.000E-03,-625E-06
+233.000E-03,-438E-06
+234.000E-03,-500E-06
+235.000E-03,-188E-06
+236.000E-03,-375E-06
+237.000E-03,-438E-06
+238.000E-03,-375E-06
+239.000E-03,-313E-06
+240.000E-03,-563E-06
+241.000E-03,-500E-06
+242.000E-03,-250E-06
+243.000E-03,-625E-06
+244.000E-03,-813E-06
+245.000E-03,+63E-06
+246.000E-03,-500E-06
+247.000E-03,-250E-06
+248.000E-03,-313E-06
+249.000E-03,-125E-06
+250.000E-03,-313E-06
+251.000E-03,-563E-06
+252.000E-03,-188E-06
+253.000E-03,-375E-06
+254.000E-03,-500E-06
+255.000E-03,-375E-06
+256.000E-03,-563E-06
+257.000E-03,-375E-06
+258.000E-03,+0E+00
+259.000E-03,-250E-06
+260.000E-03,-438E-06
+261.000E-03,-688E-06
+262.000E-03,-750E-06
+263.000E-03,-125E-06
+264.000E-03,-188E-06
+265.000E-03,-625E-06
+266.000E-03,-250E-06
+267.000E-03,-438E-06
+268.000E-03,-563E-06
+269.000E-03,-438E-06
+270.000E-03,-313E-06
+271.000E-03,-688E-06
+272.000E-03,-125E-06
+273.000E-03,-125E-06
+274.000E-03,-750E-06
+275.000E-03,-813E-06
+276.000E-03,-813E-06
+277.000E-03,-500E-06
+278.000E-03,+250E-06
+279.000E-03,-125E-06
+280.000E-03,-500E-06
+281.000E-03,-375E-06
+282.000E-03,-313E-06
+283.000E-03,-375E-06
+284.000E-03,-250E-06
+285.000E-03,-688E-06
+286.000E-03,-500E-06
+287.000E-03,-688E-06
+288.000E-03,-938E-06
+289.000E-03,-500E-06
+290.000E-03,-125E-06
+291.000E-03,-438E-06
+292.000E-03,-500E-06
+293.000E-03,-313E-06
+294.000E-03,-375E-06
+295.000E-03,+0E+00
+296.000E-03,-750E-06
+297.000E-03,-313E-06
+298.000E-03,-563E-06
+299.000E-03,-688E-06
+300.000E-03,-313E-06
+301.000E-03,-250E-06
+302.000E-03,+125E-06
+303.000E-03,-188E-06
+304.000E-03,-188E-06
+305.000E-03,-313E-06
+306.000E-03,-250E-06
+307.000E-03,-750E-06
+308.000E-03,-313E-06
+309.000E-03,+0E+00
+310.000E-03,-813E-06
+311.000E-03,+0E+00
+312.000E-03,-688E-06
+313.000E-03,-375E-06
+314.000E-03,-125E-06
+315.000E-03,-688E-06
+316.000E-03,-188E-06
+317.000E-03,-563E-06
+318.000E-03,-250E-06
+319.000E-03,-750E-06
+320.000E-03,-438E-06
+321.000E-03,-250E-06
+322.000E-03,-500E-06
+323.000E-03,-750E-06
+324.000E-03,-625E-06
+325.000E-03,-63E-06
+326.000E-03,-688E-06
+327.000E-03,-313E-06
+328.000E-03,-625E-06
+329.000E-03,-438E-06
+330.000E-03,-563E-06
+331.000E-03,-500E-06
+332.000E-03,-188E-06
+333.000E-03,-375E-06
+334.000E-03,-750E-06
+335.000E-03,-250E-06
+336.000E-03,-813E-06
+337.000E-03,+0E+00
+338.000E-03,-438E-06
+339.000E-03,-563E-06
+340.000E-03,-625E-06
+341.000E-03,-625E-06
+342.000E-03,-375E-06
+343.000E-03,-313E-06
+344.000E-03,-750E-06
+345.000E-03,-125E-06
+346.000E-03,-188E-06
+347.000E-03,-250E-06
+348.000E-03,-125E-06
+349.000E-03,-563E-06
+350.000E-03,-313E-06
+351.000E-03,-313E-06
+352.000E-03,-188E-06
+353.000E-03,-63E-06
+354.000E-03,-688E-06
+355.000E-03,-813E-06
+356.000E-03,-750E-06
+357.000E-03,-688E-06
+358.000E-03,+0E+00
+359.000E-03,-313E-06
+360.000E-03,-563E-06
+361.000E-03,-313E-06
+362.000E-03,-563E-06
+363.000E-03,+63E-06
+364.000E-03,-688E-06
+365.000E-03,-438E-06
+366.000E-03,-188E-06
+367.000E-03,-313E-06
+368.000E-03,-688E-06
+369.000E-03,-250E-06
+370.000E-03,-688E-06
+371.000E-03,-188E-06
+372.000E-03,-188E-06
+373.000E-03,-438E-06
+374.000E-03,-63E-06
+375.000E-03,-500E-06
+376.000E-03,-250E-06
+377.000E-03,-750E-06
+378.000E-03,-63E-06
+379.000E-03,-438E-06
+380.000E-03,-313E-06
+381.000E-03,-938E-06
+382.000E-03,-438E-06
+383.000E-03,+125E-06
+384.000E-03,-125E-06
+385.000E-03,-125E-06
+386.000E-03,-625E-06
+387.000E-03,-625E-06
+388.000E-03,-313E-06
+389.000E-03,-750E-06
+390.000E-03,-500E-06
+391.000E-03,-500E-06
+392.000E-03,-313E-06
+393.000E-03,-750E-06
+394.000E-03,-875E-06
+395.000E-03,-813E-06
+396.000E-03,-563E-06
+397.000E-03,-125E-06
+398.000E-03,-438E-06
+399.000E-03,-313E-06
+400.000E-03,-63E-06
+401.000E-03,-1.000E-03
+402.000E-03,-750E-06
+403.000E-03,-625E-06
+404.000E-03,-688E-06
+405.000E-03,-750E-06
+406.000E-03,-125E-06
+407.000E-03,-125E-06
+408.000E-03,-313E-06
+409.000E-03,-938E-06
+410.000E-03,-125E-06
+411.000E-03,+0.00000E+00
+412.000E-03,+0E+00
+413.000E-03,-125E-06
+414.000E-03,-500E-06
+415.000E-03,-250E-06
+416.000E-03,-625E-06
+417.000E-03,-313E-06
+418.000E-03,-188E-06
+419.000E-03,+0E+00
+420.000E-03,-188E-06
+421.000E-03,-250E-06
+422.000E-03,+0E+00
+423.000E-03,-688E-06
+424.000E-03,-500E-06
+425.000E-03,-438E-06
+426.000E-03,-63E-06
+427.000E-03,-313E-06
+428.000E-03,-125E-06
+429.000E-03,+0E+00
+430.000E-03,-250E-06
+431.000E-03,-63E-06
+432.000E-03,-125E-06
+433.000E-03,-375E-06
+434.000E-03,-563E-06
+435.000E-03,+125E-06
+436.000E-03,-438E-06
+437.000E-03,-563E-06
+438.000E-03,-563E-06
+439.000E-03,-375E-06
+440.000E-03,-438E-06
+441.000E-03,-750E-06
+442.000E-03,-250E-06
+443.000E-03,-563E-06
+444.000E-03,-375E-06
+445.000E-03,+0E+00
+446.000E-03,-125E-06
+447.000E-03,-313E-06
+448.000E-03,-563E-06
+449.000E-03,-625E-06
+450.000E-03,-250E-06
+451.000E-03,-688E-06
+452.000E-03,-813E-06
+453.000E-03,-500E-06
+454.000E-03,-313E-06
+455.000E-03,-688E-06
+456.000E-03,-563E-06
+457.000E-03,+0E+00
+458.000E-03,+63E-06
+459.000E-03,-125E-06
+460.000E-03,-188E-06
+461.000E-03,-313E-06
+462.000E-03,-500E-06
+463.000E-03,-813E-06
+464.000E-03,-313E-06
+465.000E-03,-688E-06
+466.000E-03,-63E-06
+467.000E-03,-625E-06
+468.000E-03,-625E-06
+469.000E-03,-125E-06
+470.000E-03,+125E-06
+471.000E-03,-250E-06
+472.000E-03,-1.000E-03
+473.000E-03,-250E-06
+474.000E-03,-313E-06
+475.000E-03,-313E-06
+476.000E-03,-500E-06
+477.000E-03,-188E-06
+478.000E-03,-688E-06
+479.000E-03,-563E-06
+480.000E-03,-750E-06
+481.000E-03,-563E-06
+482.000E-03,-500E-06
+483.000E-03,-63E-06
+484.000E-03,-250E-06
+485.000E-03,-313E-06
+486.000E-03,-563E-06
+487.000E-03,-438E-06
+488.000E-03,-625E-06
+489.000E-03,-250E-06
+490.000E-03,-563E-06
+491.000E-03,-375E-06
+492.000E-03,-250E-06
+493.000E-03,+0E+00
+494.000E-03,-188E-06
+495.000E-03,-125E-06
+496.000E-03,-188E-06
+497.000E-03,-63E-06
+498.000E-03,-563E-06
+499.000E-03,-688E-06
+500.000E-03,-250E-06
+501.000E-03,-563E-06
+502.000E-03,-125E-06
+503.000E-03,-313E-06
+504.000E-03,-250E-06
+505.000E-03,-875E-06
+506.000E-03,-125E-06
+507.000E-03,-313E-06
+508.000E-03,-688E-06
+509.000E-03,-438E-06
+510.000E-03,-438E-06
+511.000E-03,-250E-06
+512.000E-03,-563E-06
+513.000E-03,-313E-06
+514.000E-03,-313E-06
+515.000E-03,-875E-06
+516.000E-03,-438E-06
+517.000E-03,-125E-06
+518.000E-03,+63E-06
+519.000E-03,-188E-06
+520.000E-03,-750E-06
+521.000E-03,-125E-06
+522.000E-03,-125E-06
+523.000E-03,-125E-06
+524.000E-03,-375E-06
+525.000E-03,-500E-06
+526.000E-03,-125E-06
+527.000E-03,-625E-06
+528.000E-03,-438E-06
+529.000E-03,-438E-06
+530.000E-03,-563E-06
+531.000E-03,-750E-06
+532.000E-03,-188E-06
+533.000E-03,-63E-06
+534.000E-03,-313E-06
+535.000E-03,-313E-06
+536.000E-03,-500E-06
+537.000E-03,-750E-06
+538.000E-03,-438E-06
+539.000E-03,-438E-06
+540.000E-03,-563E-06
+541.000E-03,-438E-06
+542.000E-03,-750E-06
+543.000E-03,-625E-06
+544.000E-03,-313E-06
+545.000E-03,-313E-06
+546.000E-03,-125E-06
+547.000E-03,-125E-06
+548.000E-03,-250E-06
+549.000E-03,-313E-06
+550.000E-03,-375E-06
+551.000E-03,-125E-06
+552.000E-03,-750E-06
+553.000E-03,-375E-06
+554.000E-03,-250E-06
+555.000E-03,-563E-06
+556.000E-03,-813E-06
+557.000E-03,+0E+00
+558.000E-03,-125E-06
+559.000E-03,-313E-06
+560.000E-03,-375E-06
+561.000E-03,-375E-06
+562.000E-03,-188E-06
+563.000E-03,-125E-06
+564.000E-03,-750E-06
+565.000E-03,-188E-06
+566.000E-03,-250E-06
+567.000E-03,-750E-06
+568.000E-03,-563E-06
+569.000E-03,-375E-06
+570.000E-03,-500E-06
+571.000E-03,-500E-06
+572.000E-03,-500E-06
+573.000E-03,-500E-06
+574.000E-03,-563E-06
+575.000E-03,-875E-06
+576.000E-03,-500E-06
+577.000E-03,-688E-06
+578.000E-03,+63E-06
+579.000E-03,-125E-06
+580.000E-03,-125E-06
+581.000E-03,-625E-06
+582.000E-03,-750E-06
+583.000E-03,-438E-06
+584.000E-03,-1.000E-03
+585.000E-03,-125E-06
+586.000E-03,-875E-06
+587.000E-03,-813E-06
+588.000E-03,-563E-06
+589.000E-03,-250E-06
+590.000E-03,-563E-06
+591.000E-03,-563E-06
+592.000E-03,-688E-06
+593.000E-03,-563E-06
+594.000E-03,-250E-06
+595.000E-03,-563E-06
+596.000E-03,-688E-06
+597.000E-03,-250E-06
+598.000E-03,-563E-06
+599.000E-03,-563E-06
+600.000E-03,+0E+00
+601.000E-03,-500E-06
+602.000E-03,-438E-06
+603.000E-03,-63E-06
+604.000E-03,+188E-06
+605.000E-03,-500E-06
+606.000E-03,-438E-06
+607.000E-03,-125E-06
+608.000E-03,-125E-06
+609.000E-03,-688E-06
+610.000E-03,-688E-06
+611.000E-03,-1.000E-03
+612.000E-03,-688E-06
+613.000E-03,-250E-06
+614.000E-03,-250E-06
+615.000E-03,-250E-06
+616.000E-03,-188E-06
+617.000E-03,-563E-06
+618.000E-03,-500E-06
+619.000E-03,-125E-06
+620.000E-03,-500E-06
+621.000E-03,-750E-06
+622.000E-03,+125E-06
+623.000E-03,-688E-06
+624.000E-03,-125E-06
+625.000E-03,-250E-06
+626.000E-03,-563E-06
+627.000E-03,-188E-06
+628.000E-03,-250E-06
+629.000E-03,-563E-06
+630.000E-03,-438E-06
+631.000E-03,-750E-06
+632.000E-03,-250E-06
+633.000E-03,-188E-06
+634.000E-03,-750E-06
+635.000E-03,-500E-06
+636.000E-03,-500E-06
+637.000E-03,-688E-06
+638.000E-03,-188E-06
+639.000E-03,-250E-06
+640.000E-03,-313E-06
+641.000E-03,-813E-06
+642.000E-03,-750E-06
+643.000E-03,-250E-06
+644.000E-03,-438E-06
+645.000E-03,-500E-06
+646.000E-03,-625E-06
+647.000E-03,-625E-06
+648.000E-03,-375E-06
+649.000E-03,-625E-06
+650.000E-03,-250E-06
+651.000E-03,-688E-06
+652.000E-03,-688E-06
+653.000E-03,-813E-06
+654.000E-03,-563E-06
+655.000E-03,-250E-06
+656.000E-03,-625E-06
+657.000E-03,-563E-06
+658.000E-03,-563E-06
+659.000E-03,-875E-06
+660.000E-03,-250E-06
+661.000E-03,-63E-06
+662.000E-03,+63E-06
+663.000E-03,-563E-06
+664.000E-03,-500E-06
+665.000E-03,-250E-06
+666.000E-03,-625E-06
+667.000E-03,-313E-06
+668.000E-03,-500E-06
+669.000E-03,-813E-06
+670.000E-03,-500E-06
+671.000E-03,-813E-06
+672.000E-03,-625E-06
+673.000E-03,-688E-06
+674.000E-03,-125E-06
+675.000E-03,-563E-06
+676.000E-03,+188E-06
+677.000E-03,-375E-06
+678.000E-03,-188E-06
+679.000E-03,+63E-06
+680.000E-03,-375E-06
+681.000E-03,-313E-06
+682.000E-03,-125E-06
+683.000E-03,-125E-06
+684.000E-03,-313E-06
+685.000E-03,-313E-06
+686.000E-03,-813E-06
+687.000E-03,+0E+00
+688.000E-03,-438E-06
+689.000E-03,-250E-06
+690.000E-03,-125E-06
+691.000E-03,-63E-06
+692.000E-03,+0E+00
+693.000E-03,-188E-06
+694.000E-03,-750E-06
+695.000E-03,-438E-06
+696.000E-03,-438E-06
+697.000E-03,-875E-06
+698.000E-03,-500E-06
+699.000E-03,-313E-06
+700.000E-03,-563E-06
+701.000E-03,+0E+00
+702.000E-03,-188E-06
+703.000E-03,-625E-06
+704.000E-03,-63E-06
+705.000E-03,-438E-06
+706.000E-03,-438E-06
+707.000E-03,-375E-06
+708.000E-03,-625E-06
+709.000E-03,-250E-06
+710.000E-03,-313E-06
+711.000E-03,-563E-06
+712.000E-03,-563E-06
+713.000E-03,+63E-06
+714.000E-03,-313E-06
+715.000E-03,-1.000E-03
+716.000E-03,-375E-06
+717.000E-03,-750E-06
+718.000E-03,-313E-06
+719.000E-03,-438E-06
+720.000E-03,-188E-06
+721.000E-03,-500E-06
+722.000E-03,-250E-06
+723.000E-03,-563E-06
+724.000E-03,-250E-06
+725.000E-03,+63E-06
+726.000E-03,-250E-06
+727.000E-03,-875E-06
+728.000E-03,-250E-06
+729.000E-03,+0.00000E+00
+730.000E-03,+0E+00
+731.000E-03,-813E-06
+732.000E-03,-250E-06
+733.000E-03,-125E-06
+734.000E-03,-438E-06
+735.000E-03,-500E-06
+736.000E-03,-125E-06
+737.000E-03,-438E-06
+738.000E-03,-563E-06
+739.000E-03,-63E-06
+740.000E-03,-625E-06
+741.000E-03,-375E-06
+742.000E-03,-750E-06
+743.000E-03,-250E-06
+744.000E-03,-250E-06
+745.000E-03,+63E-06
+746.000E-03,-563E-06
+747.000E-03,-813E-06
+748.000E-03,-563E-06
+749.000E-03,-250E-06
+750.000E-03,-313E-06
+751.000E-03,-375E-06
+752.000E-03,-563E-06
+753.000E-03,-313E-06
+754.000E-03,-688E-06
+755.000E-03,-375E-06
+756.000E-03,-313E-06
+757.000E-03,-438E-06
+758.000E-03,+0E+00
+759.000E-03,-375E-06
+760.000E-03,-188E-06
+761.000E-03,-438E-06
+762.000E-03,-375E-06
+763.000E-03,-188E-06
+764.000E-03,-438E-06
+765.000E-03,-563E-06
+766.000E-03,-563E-06
+767.000E-03,-500E-06
+768.000E-03,-188E-06
+769.000E-03,-313E-06
+770.000E-03,-375E-06
+771.000E-03,-250E-06
+772.000E-03,-188E-06
+773.000E-03,-188E-06
+774.000E-03,-313E-06
+775.000E-03,-563E-06
+776.000E-03,-375E-06
+777.000E-03,-250E-06
+778.000E-03,-375E-06
+779.000E-03,-375E-06
+780.000E-03,-688E-06
+781.000E-03,-63E-06
+782.000E-03,+63E-06
+783.000E-03,-625E-06
+784.000E-03,-688E-06
+785.000E-03,-313E-06
+786.000E-03,-563E-06
+787.000E-03,-188E-06
+788.000E-03,-63E-06
+789.000E-03,-125E-06
+790.000E-03,-313E-06
+791.000E-03,-438E-06
+792.000E-03,-563E-06
+793.000E-03,-500E-06
+794.000E-03,-563E-06
+795.000E-03,-625E-06
+796.000E-03,-750E-06
+797.000E-03,-438E-06
+798.000E-03,-500E-06
+799.000E-03,-313E-06
+800.000E-03,-625E-06
+801.000E-03,+0E+00
+802.000E-03,-500E-06
+803.000E-03,-750E-06
+804.000E-03,-563E-06
+805.000E-03,-125E-06
+806.000E-03,-563E-06
+807.000E-03,-250E-06
+808.000E-03,-250E-06
+809.000E-03,-125E-06
+810.000E-03,-313E-06
+811.000E-03,-375E-06
+812.000E-03,-813E-06
+813.000E-03,-125E-06
+814.000E-03,-438E-06
+815.000E-03,-313E-06
+816.000E-03,+63E-06
+817.000E-03,-375E-06
+818.000E-03,-250E-06
+819.000E-03,-375E-06
+820.000E-03,-438E-06
+821.000E-03,-375E-06
+822.000E-03,-750E-06
+823.000E-03,-688E-06
+824.000E-03,-813E-06
+825.000E-03,-438E-06
+826.000E-03,-688E-06
+827.000E-03,-63E-06
+828.000E-03,-250E-06
+829.000E-03,-125E-06
+830.000E-03,-688E-06
+831.000E-03,+0E+00
+832.000E-03,-313E-06
+833.000E-03,-563E-06
+834.000E-03,-625E-06
+835.000E-03,-188E-06
+836.000E-03,-188E-06
+837.000E-03,+188E-06
+838.000E-03,-688E-06
+839.000E-03,-313E-06
+840.000E-03,-125E-06
+841.000E-03,-500E-06
+842.000E-03,-438E-06
+843.000E-03,-438E-06
+844.000E-03,-563E-06
+845.000E-03,-438E-06
+846.000E-03,-125E-06
+847.000E-03,-1.000E-03
+848.000E-03,-313E-06
+849.000E-03,-1.000E-03
+850.000E-03,-188E-06
+851.000E-03,-625E-06
+852.000E-03,-875E-06
+853.000E-03,+0E+00
+854.000E-03,-688E-06
+855.000E-03,-1.000E-03
+856.000E-03,-188E-06
+857.000E-03,-313E-06
+858.000E-03,-375E-06
+859.000E-03,-125E-06
+860.000E-03,-625E-06
+861.000E-03,-438E-06
+862.000E-03,-125E-06
+863.000E-03,-125E-06
+864.000E-03,-438E-06
+865.000E-03,-250E-06
+866.000E-03,-250E-06
+867.000E-03,-375E-06
+868.000E-03,-375E-06
+869.000E-03,-438E-06
+870.000E-03,-688E-06
+871.000E-03,-500E-06
+872.000E-03,-688E-06
+873.000E-03,-125E-06
+874.000E-03,-813E-06
+875.000E-03,-563E-06
+876.000E-03,-250E-06
+877.000E-03,-313E-06
+878.000E-03,-375E-06
+879.000E-03,-250E-06
+880.000E-03,-375E-06
+881.000E-03,-438E-06
+882.000E-03,-125E-06
+883.000E-03,-500E-06
+884.000E-03,-250E-06
+885.000E-03,+0E+00
+886.000E-03,-688E-06
+887.000E-03,-313E-06
+888.000E-03,-375E-06
+889.000E-03,-1.063E-03
+890.000E-03,-563E-06
+891.000E-03,-813E-06
+892.000E-03,-313E-06
+893.000E-03,-438E-06
+894.000E-03,-63E-06
+895.000E-03,-438E-06
+896.000E-03,-688E-06
+897.000E-03,-375E-06
+898.000E-03,-313E-06
+899.000E-03,-750E-06
+900.000E-03,-813E-06
+901.000E-03,-125E-06
+902.000E-03,-625E-06
+903.000E-03,-625E-06
+904.000E-03,-688E-06
+905.000E-03,-563E-06
+906.000E-03,-188E-06
+907.000E-03,-813E-06
+908.000E-03,-875E-06
+909.000E-03,-750E-06
+910.000E-03,-250E-06
+911.000E-03,-375E-06
+912.000E-03,-875E-06
+913.000E-03,-438E-06
+914.000E-03,-250E-06
+915.000E-03,-250E-06
+916.000E-03,+125E-06
+917.000E-03,-63E-06
+918.000E-03,-438E-06
+919.000E-03,-188E-06
+920.000E-03,-875E-06
+921.000E-03,-688E-06
+922.000E-03,-250E-06
+923.000E-03,-438E-06
+924.000E-03,-188E-06
+925.000E-03,+0E+00
+926.000E-03,-188E-06
+927.000E-03,-250E-06
+928.000E-03,-750E-06
+929.000E-03,-375E-06
+930.000E-03,-188E-06
+931.000E-03,+0E+00
+932.000E-03,-563E-06
+933.000E-03,-250E-06
+934.000E-03,-125E-06
+935.000E-03,-688E-06
+936.000E-03,-625E-06
+937.000E-03,-625E-06
+938.000E-03,-625E-06
+939.000E-03,-375E-06
+940.000E-03,-438E-06
+941.000E-03,-63E-06
+942.000E-03,-438E-06
+943.000E-03,-875E-06
+944.000E-03,-188E-06
+945.000E-03,-563E-06
+946.000E-03,-125E-06
+947.000E-03,-813E-06
+948.000E-03,-188E-06
+949.000E-03,-500E-06
+950.000E-03,+0E+00
+951.000E-03,-438E-06
+952.000E-03,-125E-06
+953.000E-03,-750E-06
+954.000E-03,-438E-06
+955.000E-03,-313E-06
+956.000E-03,-688E-06
+957.000E-03,-250E-06
+958.000E-03,-313E-06
+959.000E-03,-563E-06
+960.000E-03,-63E-06
+961.000E-03,-375E-06
+962.000E-03,-188E-06
+963.000E-03,-688E-06
+964.000E-03,-313E-06
+965.000E-03,-188E-06
+966.000E-03,-313E-06
+967.000E-03,+0E+00
+968.000E-03,-313E-06
+969.000E-03,-125E-06
+970.000E-03,+0E+00
+971.000E-03,+125E-06
+972.000E-03,-313E-06
+973.000E-03,-188E-06
+974.000E-03,-375E-06
+975.000E-03,-188E-06
+976.000E-03,+0E+00
+977.000E-03,+563E-06
+978.000E-03,-313E-06
+979.000E-03,+0E+00
+980.000E-03,-63E-06
+981.000E-03,+125E-06
+982.000E-03,-313E-06
+983.000E-03,+63E-06
+984.000E-03,+188E-06
+985.000E-03,+875E-06
+986.000E-03,+500E-06
+987.000E-03,+875E-06
+988.000E-03,+1.188E-03
+989.000E-03,+313E-06
+990.000E-03,+1.125E-03
+991.000E-03,+625E-06
+992.000E-03,+1.125E-03
+993.000E-03,+625E-06
+994.000E-03,+1.125E-03
+995.000E-03,+1.375E-03
+996.000E-03,+1.625E-03
+997.000E-03,+1.438E-03
+998.000E-03,+1.250E-03
+999.000E-03,+1.625E-03
+1.000000E+00,+1.688E-03
+1.001000E+00,+1.188E-03
+1.002000E+00,+1.875E-03
+1.003000E+00,+1.688E-03
+1.004000E+00,+1.750E-03
+1.005000E+00,+2.000E-03
+1.006000E+00,+2.125E-03
+1.007000E+00,+2.188E-03
+1.008000E+00,+2.063E-03
+1.009000E+00,+1.438E-03
+1.010000E+00,+2.125E-03
+1.011000E+00,+1.813E-03
+1.012000E+00,+1.938E-03
+1.013000E+00,+2.438E-03
+1.014000E+00,+2.563E-03
+1.015000E+00,+1.938E-03
+1.016000E+00,+1.750E-03
+1.017000E+00,+1.813E-03
+1.018000E+00,+1.875E-03
+1.019000E+00,+1.813E-03
+1.020000E+00,+1.813E-03
+1.021000E+00,+1.750E-03
+1.022000E+00,+2.188E-03
+1.023000E+00,+2.188E-03
+1.024000E+00,+1.875E-03
+1.025000E+00,+1.375E-03
+1.026000E+00,+1.625E-03
+1.027000E+00,+1.813E-03
+1.028000E+00,+1.875E-03
+1.029000E+00,+1.813E-03
+1.030000E+00,+1.688E-03
+1.031000E+00,+1.313E-03
+1.032000E+00,+1.750E-03
+1.033000E+00,+1.188E-03
+1.034000E+00,+1.500E-03
+1.035000E+00,+2.063E-03
+1.036000E+00,+1.750E-03
+1.037000E+00,+1.625E-03
+1.038000E+00,+1.875E-03
+1.039000E+00,+1.438E-03
+1.040000E+00,+1.813E-03
+1.041000E+00,+1.000E-03
+1.042000E+00,+1.000E-03
+1.043000E+00,+1.250E-03
+1.044000E+00,+1.250E-03
+1.045000E+00,+1.500E-03
+1.046000E+00,+1.688E-03
+1.047000E+00,+875E-06
+1.048000E+00,+1.125E-03
+1.049000E+00,+875E-06
+1.050000E+00,+1.375E-03
+1.051000E+00,+938E-06
+1.052000E+00,+750E-06
+1.053000E+00,+625E-06
+1.054000E+00,+688E-06
+1.055000E+00,+563E-06
+1.056000E+00,+1.313E-03
+1.057000E+00,+438E-06
+1.058000E+00,+1.063E-03
+1.059000E+00,+500E-06
+1.060000E+00,+688E-06
+1.061000E+00,+250E-06
+1.062000E+00,+438E-06
+1.063000E+00,+813E-06
+1.064000E+00,+250E-06
+1.065000E+00,+250E-06
+1.066000E+00,-63E-06
+1.067000E+00,+563E-06
+1.068000E+00,+63E-06
+1.069000E+00,+125E-06
+1.070000E+00,+63E-06
+1.071000E+00,-125E-06
+1.072000E+00,+438E-06
+1.073000E+00,+63E-06
+1.074000E+00,+125E-06
+1.075000E+00,+250E-06
+1.076000E+00,+188E-06
+1.077000E+00,+188E-06
+1.078000E+00,+125E-06
+1.079000E+00,-63E-06
+1.080000E+00,-313E-06
+1.081000E+00,-188E-06
+1.082000E+00,-563E-06
+1.083000E+00,-438E-06
+1.084000E+00,-188E-06
+1.085000E+00,-500E-06
+1.086000E+00,-375E-06
+1.087000E+00,-438E-06
+1.088000E+00,-63E-06
+1.089000E+00,-750E-06
+1.090000E+00,-250E-06
+1.091000E+00,-813E-06
+1.092000E+00,-313E-06
+1.093000E+00,-750E-06
+1.094000E+00,-250E-06
+1.095000E+00,-750E-06
+1.096000E+00,-63E-06
+1.097000E+00,-750E-06
+1.098000E+00,-563E-06
+1.099000E+00,-438E-06
+1.100000E+00,-438E-06
+1.101000E+00,-375E-06
+1.102000E+00,-563E-06
+1.103000E+00,-563E-06
+1.104000E+00,-813E-06
+1.105000E+00,-938E-06
+1.106000E+00,-563E-06
+1.107000E+00,-1.063E-03
+1.108000E+00,-813E-06
+1.109000E+00,-1.000E-03
+1.110000E+00,-250E-06
+1.111000E+00,-1.000E-03
+1.112000E+00,-625E-06
+1.113000E+00,-313E-06
+1.114000E+00,-1.250E-03
+1.115000E+00,-1.063E-03
+1.116000E+00,-1.375E-03
+1.117000E+00,-1.313E-03
+1.118000E+00,-1.313E-03
+1.119000E+00,-625E-06
+1.120000E+00,-1.063E-03
+1.121000E+00,-1.500E-03
+1.122000E+00,-1.063E-03
+1.123000E+00,-688E-06
+1.124000E+00,-875E-06
+1.125000E+00,-1.188E-03
+1.126000E+00,-813E-06
+1.127000E+00,-1.000E-03
+1.128000E+00,-1.125E-03
+1.129000E+00,-1.188E-03
+1.130000E+00,-1.313E-03
+1.131000E+00,-938E-06
+1.132000E+00,-1.438E-03
+1.133000E+00,-1.125E-03
+1.134000E+00,-813E-06
+1.135000E+00,-1.375E-03
+1.136000E+00,-1.125E-03
+1.137000E+00,-1.375E-03
+1.138000E+00,-875E-06
+1.139000E+00,-1.375E-03
+1.140000E+00,-938E-06
+1.141000E+00,-1.313E-03
+1.142000E+00,-1.063E-03
+1.143000E+00,-1.188E-03
+1.144000E+00,-1.063E-03
+1.145000E+00,-750E-06
+1.146000E+00,-1.188E-03
+1.147000E+00,-1.500E-03
+1.148000E+00,-1.125E-03
+1.149000E+00,-688E-06
+1.150000E+00,-1.313E-03
+1.151000E+00,-1.250E-03
+1.152000E+00,-1.125E-03
+1.153000E+00,-1.438E-03
+1.154000E+00,-1.063E-03
+1.155000E+00,-813E-06
+1.156000E+00,-1.500E-03
+1.157000E+00,-1.063E-03
+1.158000E+00,-1.125E-03
+1.159000E+00,-938E-06
+1.160000E+00,-1.000E-03
+1.161000E+00,-1.313E-03
+1.162000E+00,-1.063E-03
+1.163000E+00,-750E-06
+1.164000E+00,-1.688E-03
+1.165000E+00,-875E-06
+1.166000E+00,-1.563E-03
+1.167000E+00,-1.750E-03
+1.168000E+00,-1.250E-03
+1.169000E+00,-875E-06
+1.170000E+00,-750E-06
+1.171000E+00,-1.750E-03
+1.172000E+00,-1.125E-03
+1.173000E+00,-1.625E-03
+1.174000E+00,-1.063E-03
+1.175000E+00,-1.625E-03
+1.176000E+00,-938E-06
+1.177000E+00,-1.000E-03
+1.178000E+00,-1.750E-03
+1.179000E+00,-1.188E-03
+1.180000E+00,-1.750E-03
+1.181000E+00,-813E-06
+1.182000E+00,-1.375E-03
+1.183000E+00,-1.000E-03
+1.184000E+00,-1.250E-03
+1.185000E+00,-1.438E-03
+1.186000E+00,-1.063E-03
+1.187000E+00,-1.188E-03
+1.188000E+00,-875E-06
+1.189000E+00,-938E-06
+1.190000E+00,-1.188E-03
+1.191000E+00,-1.063E-03
+1.192000E+00,-1.313E-03
+1.193000E+00,-875E-06
+1.194000E+00,-1.188E-03
+1.195000E+00,-1.375E-03
+1.196000E+00,-1.250E-03
+1.197000E+00,-1.250E-03
+1.198000E+00,-1.625E-03
+1.199000E+00,-1.750E-03
+1.200000E+00,-938E-06
+1.201000E+00,-1.500E-03
+1.202000E+00,-875E-06
+1.203000E+00,-1.188E-03
+1.204000E+00,-1.188E-03
+1.205000E+00,-1.625E-03
+1.206000E+00,-688E-06
+1.207000E+00,-750E-06
+1.208000E+00,-1.688E-03
+1.209000E+00,-813E-06
+1.210000E+00,-1.313E-03
+1.211000E+00,-1.188E-03
+1.212000E+00,-1.000E-03
+1.213000E+00,-1.313E-03
+1.214000E+00,-938E-06
+1.215000E+00,-875E-06
+1.216000E+00,-1.063E-03
+1.217000E+00,-1.063E-03
+1.218000E+00,-875E-06
+1.219000E+00,-1.250E-03
+1.220000E+00,-1.313E-03
+1.221000E+00,-1.250E-03
+1.222000E+00,-1.688E-03
+1.223000E+00,-1.563E-03
+1.224000E+00,-1.563E-03
+1.225000E+00,-1.000E-03
+1.226000E+00,-1.063E-03
+1.227000E+00,-938E-06
+1.228000E+00,-1.313E-03
+1.229000E+00,-813E-06
+1.230000E+00,-1.063E-03
+1.231000E+00,-875E-06
+1.232000E+00,-563E-06
+1.233000E+00,-813E-06
+1.234000E+00,-688E-06
+1.235000E+00,-1.375E-03
+1.236000E+00,-625E-06
+1.237000E+00,-1.250E-03
+1.238000E+00,-563E-06
+1.239000E+00,-1.125E-03
+1.240000E+00,-750E-06
+1.241000E+00,-1.375E-03
+1.242000E+00,-938E-06
+1.243000E+00,-1.375E-03
+1.244000E+00,-1.188E-03
+1.245000E+00,-938E-06
+1.246000E+00,-1.188E-03
+1.247000E+00,-563E-06
+1.248000E+00,-688E-06
+1.249000E+00,-813E-06
+1.250000E+00,-1.438E-03
+1.251000E+00,-1.250E-03
+1.252000E+00,-1.250E-03
+1.253000E+00,-1.000E-03
+1.254000E+00,-1.063E-03
+1.255000E+00,-625E-06
+1.256000E+00,-750E-06
+1.257000E+00,-563E-06
+1.258000E+00,-1.125E-03
+1.259000E+00,-1.063E-03
+1.260000E+00,-688E-06
+1.261000E+00,-875E-06
+1.262000E+00,-1.438E-03
+1.263000E+00,-1.000E-03
+1.264000E+00,-813E-06
+1.265000E+00,-938E-06
+1.266000E+00,-750E-06
+1.267000E+00,-1.063E-03
+1.268000E+00,-938E-06
+1.269000E+00,-1.188E-03
+1.270000E+00,-438E-06
+1.271000E+00,-750E-06
+1.272000E+00,-938E-06
+1.273000E+00,-1.188E-03
+1.274000E+00,-688E-06
+1.275000E+00,-875E-06
+1.276000E+00,-813E-06
+1.277000E+00,-1.063E-03
+1.278000E+00,-938E-06
+1.279000E+00,-1.125E-03
+1.280000E+00,-875E-06
+1.281000E+00,-1.063E-03
+1.282000E+00,-1.375E-03
+1.283000E+00,-1.250E-03
+1.284000E+00,-750E-06
+1.285000E+00,-688E-06
+1.286000E+00,-875E-06
+1.287000E+00,-875E-06
+1.288000E+00,-1.000E-03
+1.289000E+00,-250E-06
+1.290000E+00,-688E-06
+1.291000E+00,-688E-06
+1.292000E+00,-500E-06
+1.293000E+00,-1.063E-03
+1.294000E+00,-250E-06
+1.295000E+00,-1.063E-03
+1.296000E+00,-875E-06
+1.297000E+00,-625E-06
+1.298000E+00,-750E-06
+1.299000E+00,-688E-06
+1.300000E+00,-375E-06
+1.301000E+00,-688E-06
+1.302000E+00,-1.063E-03
+1.303000E+00,-375E-06
+1.304000E+00,-625E-06
+1.305000E+00,-563E-06
+1.306000E+00,-813E-06
+1.307000E+00,-1.000E-03
+1.308000E+00,-250E-06
+1.309000E+00,-438E-06
+1.310000E+00,-188E-06
+1.311000E+00,-563E-06
+1.312000E+00,-1.125E-03
+1.313000E+00,-1.063E-03
+1.314000E+00,-563E-06
+1.315000E+00,-1.063E-03
+1.316000E+00,-875E-06
+1.317000E+00,-688E-06
+1.318000E+00,-1.000E-03
+1.319000E+00,-500E-06
+1.320000E+00,-1.000E-03
+1.321000E+00,-1.063E-03
+1.322000E+00,-688E-06
+1.323000E+00,-1.188E-03
+1.324000E+00,-875E-06
+1.325000E+00,-688E-06
+1.326000E+00,-750E-06
+1.327000E+00,-563E-06
+1.328000E+00,-625E-06
+1.329000E+00,-1.000E-03
+1.330000E+00,-500E-06
+1.331000E+00,-813E-06
+1.332000E+00,-938E-06
+1.333000E+00,-1.125E-03
+1.334000E+00,-875E-06
+1.335000E+00,-688E-06
+1.336000E+00,-625E-06
+1.337000E+00,-938E-06
+1.338000E+00,-563E-06
+1.339000E+00,-625E-06
+1.340000E+00,-1.188E-03
+1.341000E+00,-938E-06
+1.342000E+00,-375E-06
+1.343000E+00,-750E-06
+1.344000E+00,-500E-06
+1.345000E+00,-375E-06
+1.346000E+00,-1.000E-03
+1.347000E+00,-750E-06
+1.348000E+00,-938E-06
+1.349000E+00,-688E-06
+1.350000E+00,-688E-06
+1.351000E+00,-688E-06
+1.352000E+00,-375E-06
+1.353000E+00,-563E-06
+1.354000E+00,-625E-06
+1.355000E+00,-250E-06
+1.356000E+00,-750E-06
+1.357000E+00,-188E-06
+1.358000E+00,-750E-06
+1.359000E+00,-250E-06
+1.360000E+00,-1.000E-03
+1.361000E+00,-250E-06
+1.362000E+00,-563E-06
+1.363000E+00,-750E-06
+1.364000E+00,-438E-06
+1.365000E+00,-438E-06
+1.366000E+00,-563E-06
+1.367000E+00,-250E-06
+1.368000E+00,-688E-06
+1.369000E+00,-625E-06
+1.370000E+00,-438E-06
+1.371000E+00,-688E-06
+1.372000E+00,-688E-06
+1.373000E+00,-875E-06
+1.374000E+00,-938E-06
+1.375000E+00,-313E-06
+1.376000E+00,-750E-06
+1.377000E+00,-313E-06
+1.378000E+00,-438E-06
+1.379000E+00,-188E-06
+1.380000E+00,-125E-06
+1.381000E+00,-250E-06
+1.382000E+00,-250E-06
+1.383000E+00,-375E-06
+1.384000E+00,-438E-06
+1.385000E+00,-813E-06
+1.386000E+00,-750E-06
+1.387000E+00,-563E-06
+1.388000E+00,-688E-06
+1.389000E+00,-1.000E-03
+1.390000E+00,-500E-06
+1.391000E+00,-563E-06
+1.392000E+00,-188E-06
+1.393000E+00,-563E-06
+1.394000E+00,-188E-06
+1.395000E+00,-813E-06
+1.396000E+00,-63E-06
+1.397000E+00,-375E-06
+1.398000E+00,-688E-06
+1.399000E+00,-188E-06
+1.400000E+00,-438E-06
+1.401000E+00,-500E-06
+1.402000E+00,-438E-06
+1.403000E+00,-500E-06
+1.404000E+00,-375E-06
+1.405000E+00,-250E-06
+1.406000E+00,-563E-06
+1.407000E+00,-375E-06
+1.408000E+00,-688E-06
+1.409000E+00,-313E-06
+1.410000E+00,-313E-06
+1.411000E+00,-250E-06
+1.412000E+00,-500E-06
+1.413000E+00,-125E-06
+1.414000E+00,-563E-06
+1.415000E+00,-625E-06
+1.416000E+00,-438E-06
+1.417000E+00,-438E-06
+1.418000E+00,+63E-06
+1.419000E+00,-813E-06
+1.420000E+00,-688E-06
+1.421000E+00,-313E-06
+1.422000E+00,-813E-06
+1.423000E+00,-813E-06
+1.424000E+00,-500E-06
+1.425000E+00,-625E-06
+1.426000E+00,-250E-06
+1.427000E+00,-563E-06
+1.428000E+00,-688E-06
+1.429000E+00,-688E-06
+1.430000E+00,-750E-06
+1.431000E+00,-438E-06
+1.432000E+00,-188E-06
+1.433000E+00,-313E-06
+1.434000E+00,-313E-06
+1.435000E+00,-188E-06
+1.436000E+00,-938E-06
+1.437000E+00,-250E-06
+1.438000E+00,-63E-06
+1.439000E+00,-375E-06
+1.440000E+00,-563E-06
+1.441000E+00,-250E-06
+1.442000E+00,-188E-06
+1.443000E+00,-563E-06
+1.444000E+00,-313E-06
+1.445000E+00,-63E-06
+1.446000E+00,-375E-06
+1.447000E+00,-375E-06
+1.448000E+00,-313E-06
+1.449000E+00,-500E-06
+1.450000E+00,-375E-06
+1.451000E+00,-375E-06
+1.452000E+00,-438E-06
+1.453000E+00,-63E-06
+1.454000E+00,-375E-06
+1.455000E+00,-188E-06
+1.456000E+00,+188E-06
+1.457000E+00,-313E-06
+1.458000E+00,-313E-06
+1.459000E+00,+250E-06
+1.460000E+00,-313E-06
+1.461000E+00,-125E-06
+1.462000E+00,+500E-06
+1.463000E+00,+375E-06
+1.464000E+00,+438E-06
+1.465000E+00,-250E-06
+1.466000E+00,+63E-06
+1.467000E+00,+500E-06
+1.468000E+00,-63E-06
+1.469000E+00,+63E-06
+1.470000E+00,+125E-06
+1.471000E+00,+688E-06
+1.472000E+00,+375E-06
+1.473000E+00,+563E-06
+1.474000E+00,+813E-06
+1.475000E+00,+1.250E-03
+1.476000E+00,+813E-06
+1.477000E+00,+1.688E-03
+1.478000E+00,+1.188E-03
+1.479000E+00,+1.125E-03
+1.480000E+00,+750E-06
+1.481000E+00,+1.000E-03
+1.482000E+00,+1.125E-03
+1.483000E+00,+1.438E-03
+1.484000E+00,+1.313E-03
+1.485000E+00,+1.500E-03
+1.486000E+00,+1.250E-03
+1.487000E+00,+1.625E-03
+1.488000E+00,+1.625E-03
+1.489000E+00,+2.000E-03
+1.490000E+00,+1.688E-03
+1.491000E+00,+2.125E-03
+1.492000E+00,+1.875E-03
+1.493000E+00,+2.375E-03
+1.494000E+00,+2.000E-03
+1.495000E+00,+2.250E-03
+1.496000E+00,+2.000E-03
+1.497000E+00,+1.938E-03
+1.498000E+00,+2.000E-03
+1.499000E+00,+2.125E-03
+1.500000E+00,+2.063E-03
+1.501000E+00,+2.000E-03
+1.502000E+00,+1.938E-03
+1.503000E+00,+2.438E-03
+1.504000E+00,+2.375E-03
+1.505000E+00,+2.063E-03
+1.506000E+00,+1.875E-03
+1.507000E+00,+2.438E-03
+1.508000E+00,+1.563E-03
+1.509000E+00,+1.938E-03
+1.510000E+00,+2.125E-03
+1.511000E+00,+2.063E-03
+1.512000E+00,+2.188E-03
+1.513000E+00,+2.188E-03
+1.514000E+00,+2.125E-03
+1.515000E+00,+2.063E-03
+1.516000E+00,+1.938E-03
+1.517000E+00,+1.875E-03
+1.518000E+00,+1.375E-03
+1.519000E+00,+1.813E-03
+1.520000E+00,+1.500E-03
+1.521000E+00,+2.063E-03
+1.522000E+00,+1.188E-03
+1.523000E+00,+1.750E-03
+1.524000E+00,+1.875E-03
+1.525000E+00,+1.375E-03
+1.526000E+00,+1.688E-03
+1.527000E+00,+1.750E-03
+1.528000E+00,+938E-06
+1.529000E+00,+1.125E-03
+1.530000E+00,+1.000E-03
+1.531000E+00,+1.125E-03
+1.532000E+00,+1.250E-03
+1.533000E+00,+1.063E-03
+1.534000E+00,+813E-06
+1.535000E+00,+313E-06
+1.536000E+00,+563E-06
+1.537000E+00,+750E-06
+1.538000E+00,+688E-06
+1.539000E+00,+438E-06
+1.540000E+00,+563E-06
+1.541000E+00,+688E-06
+1.542000E+00,+938E-06
+1.543000E+00,+750E-06
+1.544000E+00,+63E-06
+1.545000E+00,+563E-06
+1.546000E+00,+125E-06
+1.547000E+00,-125E-06
+1.548000E+00,+63E-06
+1.549000E+00,+125E-06
+1.550000E+00,+125E-06
+1.551000E+00,-63E-06
+1.552000E+00,+0E+00
+1.553000E+00,-438E-06
+1.554000E+00,-125E-06
+1.555000E+00,+438E-06
+1.556000E+00,-250E-06
+1.557000E+00,-250E-06
+1.558000E+00,-63E-06
+1.559000E+00,+63E-06
+1.560000E+00,+125E-06
+1.561000E+00,-563E-06
+1.562000E+00,-125E-06
+1.563000E+00,-813E-06
+1.564000E+00,-625E-06
+1.565000E+00,+0E+00
+1.566000E+00,-438E-06
+1.567000E+00,-563E-06
+1.568000E+00,-1.000E-03
+1.569000E+00,-375E-06
+1.570000E+00,-688E-06
+1.571000E+00,-250E-06
+1.572000E+00,-813E-06
+1.573000E+00,-563E-06
+1.574000E+00,-1.000E-03
+1.575000E+00,-375E-06
+1.576000E+00,-688E-06
+1.577000E+00,-1.000E-03
+1.578000E+00,-1.188E-03
+1.579000E+00,-375E-06
+1.580000E+00,-1.250E-03
+1.581000E+00,-1.063E-03
+1.582000E+00,-813E-06
+1.583000E+00,-1.250E-03
+1.584000E+00,-938E-06
+1.585000E+00,-1.250E-03
+1.586000E+00,-1.125E-03
+1.587000E+00,-563E-06
+1.588000E+00,-688E-06
+1.589000E+00,-813E-06
+1.590000E+00,-1.313E-03
+1.591000E+00,-1.313E-03
+1.592000E+00,-813E-06
+1.593000E+00,-1.250E-03
+1.594000E+00,-1.375E-03
+1.595000E+00,-1.438E-03
+1.596000E+00,-1.375E-03
+1.597000E+00,-1.563E-03
+1.598000E+00,-1.250E-03
+1.599000E+00,-1.063E-03
+1.600000E+00,-1.438E-03
+1.601000E+00,-1.500E-03
+1.602000E+00,-1.500E-03
+1.603000E+00,-813E-06
+1.604000E+00,-1.438E-03
+1.605000E+00,-1.688E-03
+1.606000E+00,-1.000E-03
+1.607000E+00,-1.688E-03
+1.608000E+00,-1.375E-03
+1.609000E+00,-1.438E-03
+1.610000E+00,-1.313E-03
+1.611000E+00,-1.500E-03
+1.612000E+00,-1.500E-03
+1.613000E+00,-1.188E-03
+1.614000E+00,-1.000E-03
+1.615000E+00,-1.250E-03
+1.616000E+00,-1.563E-03
+1.617000E+00,-1.375E-03
+1.618000E+00,-1.438E-03
+1.619000E+00,-1.250E-03
+1.620000E+00,-1.188E-03
+1.621000E+00,-1.563E-03
+1.622000E+00,-1.875E-03
+1.623000E+00,-1.688E-03
+1.624000E+00,-1.063E-03
+1.625000E+00,-1.625E-03
+1.626000E+00,-1.250E-03
+1.627000E+00,-1.375E-03
+1.628000E+00,-1.250E-03
+1.629000E+00,-1.188E-03
+1.630000E+00,-875E-06
+1.631000E+00,-1.313E-03
+1.632000E+00,-1.500E-03
+1.633000E+00,-1.625E-03
+1.634000E+00,-1.188E-03
+1.635000E+00,-1.625E-03
+1.636000E+00,-1.000E-03
+1.637000E+00,-1.000E-03
+1.638000E+00,-1.375E-03
+1.639000E+00,-1.688E-03
+1.640000E+00,-1.563E-03
+1.641000E+00,-1.188E-03
+1.642000E+00,-1.688E-03
+1.643000E+00,-1.250E-03
+1.644000E+00,-1.438E-03
+1.645000E+00,-1.750E-03
+1.646000E+00,-1.250E-03
+1.647000E+00,-1.750E-03
+1.648000E+00,-1.063E-03
+1.649000E+00,-1.938E-03
+1.650000E+00,-1.625E-03
+1.651000E+00,-1.438E-03
+1.652000E+00,-1.750E-03
+1.653000E+00,-1.500E-03
+1.654000E+00,-1.375E-03
+1.655000E+00,-1.375E-03
+1.656000E+00,-1.313E-03
+1.657000E+00,-1.375E-03
+1.658000E+00,-1.000E-03
+1.659000E+00,-1.563E-03
+1.660000E+00,-1.938E-03
+1.661000E+00,-1.625E-03
+1.662000E+00,-938E-06
+1.663000E+00,-1.813E-03
+1.664000E+00,-688E-06
+1.665000E+00,-938E-06
+1.666000E+00,-1.188E-03
+1.667000E+00,-1.188E-03
+1.668000E+00,-938E-06
+1.669000E+00,-1.438E-03
+1.670000E+00,-1.063E-03
+1.671000E+00,-750E-06
+1.672000E+00,-1.063E-03
+1.673000E+00,-938E-06
+1.674000E+00,-1.500E-03
+1.675000E+00,-875E-06
+1.676000E+00,-1.875E-03
+1.677000E+00,-1.000E-03
+1.678000E+00,-1.438E-03
+1.679000E+00,-1.063E-03
+1.680000E+00,-1.563E-03
+1.681000E+00,-1.313E-03
+1.682000E+00,-1.313E-03
+1.683000E+00,-1.500E-03
+1.684000E+00,-875E-06
+1.685000E+00,-1.313E-03
+1.686000E+00,-938E-06
+1.687000E+00,-1.125E-03
+1.688000E+00,-1.438E-03
+1.689000E+00,-625E-06
+1.690000E+00,-750E-06
+1.691000E+00,-1.125E-03
+1.692000E+00,-938E-06
+1.693000E+00,-813E-06
+1.694000E+00,-688E-06
+1.695000E+00,-813E-06
+1.696000E+00,-750E-06
+1.697000E+00,-813E-06
+1.698000E+00,-1.125E-03
+1.699000E+00,-1.000E-03
+1.700000E+00,-750E-06
+1.701000E+00,-1.500E-03
+1.702000E+00,-875E-06
+1.703000E+00,-1.250E-03
+1.704000E+00,-1.063E-03
+1.705000E+00,-1.000E-03
+1.706000E+00,-1.000E-03
+1.707000E+00,-1.313E-03
+1.708000E+00,-688E-06
+1.709000E+00,-875E-06
+1.710000E+00,-1.125E-03
+1.711000E+00,-1.125E-03
+1.712000E+00,-1.313E-03
+1.713000E+00,-1.250E-03
+1.714000E+00,-1.250E-03
+1.715000E+00,-1.063E-03
+1.716000E+00,-875E-06
+1.717000E+00,-1.313E-03
+1.718000E+00,-1.188E-03
+1.719000E+00,-1.188E-03
+1.720000E+00,-1.188E-03
+1.721000E+00,-750E-06
+1.722000E+00,-750E-06
+1.723000E+00,-750E-06
+1.724000E+00,-813E-06
+1.725000E+00,-1.313E-03
+1.726000E+00,-313E-06
+1.727000E+00,-938E-06
+1.728000E+00,-1.188E-03
+1.729000E+00,-563E-06
+1.730000E+00,-500E-06
+1.731000E+00,-875E-06
+1.732000E+00,-250E-06
+1.733000E+00,-1.125E-03
+1.734000E+00,-438E-06
+1.735000E+00,-1.250E-03
+1.736000E+00,-1.063E-03
+1.737000E+00,-1.000E-03
+1.738000E+00,-1.250E-03
+1.739000E+00,-1.000E-03
+1.740000E+00,-625E-06
+1.741000E+00,-1.000E-03
+1.742000E+00,-625E-06
+1.743000E+00,-750E-06
+1.744000E+00,-938E-06
+1.745000E+00,-500E-06
+1.746000E+00,-1.063E-03
+1.747000E+00,-1.063E-03
+1.748000E+00,-813E-06
+1.749000E+00,-1.063E-03
+1.750000E+00,-1.063E-03
+1.751000E+00,-875E-06
+1.752000E+00,-1.375E-03
+1.753000E+00,-750E-06
+1.754000E+00,-1.125E-03
+1.755000E+00,-438E-06
+1.756000E+00,-1.188E-03
+1.757000E+00,-375E-06
+1.758000E+00,-750E-06
+1.759000E+00,-875E-06
+1.760000E+00,-1.000E-03
+1.761000E+00,-438E-06
+1.762000E+00,-625E-06
+1.763000E+00,-813E-06
+1.764000E+00,-875E-06
+1.765000E+00,-875E-06
+1.766000E+00,-625E-06
+1.767000E+00,-688E-06
+1.768000E+00,-750E-06
+1.769000E+00,-375E-06
+1.770000E+00,-625E-06
+1.771000E+00,-1.000E-03
+1.772000E+00,-250E-06
+1.773000E+00,-438E-06
+1.774000E+00,-750E-06
+1.775000E+00,-875E-06
+1.776000E+00,-938E-06
+1.777000E+00,-1.000E-03
+1.778000E+00,-500E-06
+1.779000E+00,+0E+00
+1.780000E+00,-563E-06
+1.781000E+00,-313E-06
+1.782000E+00,-250E-06
+1.783000E+00,-500E-06
+1.784000E+00,-750E-06
+1.785000E+00,-750E-06
+1.786000E+00,-875E-06
+1.787000E+00,-688E-06
+1.788000E+00,-813E-06
+1.789000E+00,-250E-06
+1.790000E+00,-500E-06
+1.791000E+00,-938E-06
+1.792000E+00,-813E-06
+1.793000E+00,-750E-06
+1.794000E+00,-375E-06
+1.795000E+00,-1.000E-03
+1.796000E+00,-375E-06
+1.797000E+00,-438E-06
+1.798000E+00,-500E-06
+1.799000E+00,-63E-06
+1.800000E+00,-500E-06
+1.801000E+00,-875E-06
+1.802000E+00,-688E-06
+1.803000E+00,-813E-06
+1.804000E+00,-563E-06
+1.805000E+00,-563E-06
+1.806000E+00,-813E-06
+1.807000E+00,-813E-06
+1.808000E+00,-1.063E-03
+1.809000E+00,-1.000E-03
+1.810000E+00,-438E-06
+1.811000E+00,-875E-06
+1.812000E+00,-750E-06
+1.813000E+00,-250E-06
+1.814000E+00,-250E-06
+1.815000E+00,-563E-06
+1.816000E+00,-813E-06
+1.817000E+00,-1.063E-03
+1.818000E+00,-750E-06
+1.819000E+00,-688E-06
+1.820000E+00,-750E-06
+1.821000E+00,-813E-06
+1.822000E+00,-750E-06
+1.823000E+00,-63E-06
+1.824000E+00,-938E-06
+1.825000E+00,-125E-06
+1.826000E+00,-500E-06
+1.827000E+00,-750E-06
+1.828000E+00,-500E-06
+1.829000E+00,-250E-06
+1.830000E+00,-125E-06
+1.831000E+00,-750E-06
+1.832000E+00,-125E-06
+1.833000E+00,-938E-06
+1.834000E+00,-688E-06
+1.835000E+00,-500E-06
+1.836000E+00,-563E-06
+1.837000E+00,-625E-06
+1.838000E+00,-813E-06
+1.839000E+00,-750E-06
+1.840000E+00,-875E-06
+1.841000E+00,-500E-06
+1.842000E+00,-750E-06
+1.843000E+00,-188E-06
+1.844000E+00,-188E-06
+1.845000E+00,-375E-06
+1.846000E+00,-313E-06
+1.847000E+00,-500E-06
+1.848000E+00,-563E-06
+1.849000E+00,-875E-06
+1.850000E+00,-750E-06
+1.851000E+00,-563E-06
+1.852000E+00,-750E-06
+1.853000E+00,-813E-06
+1.854000E+00,-1.063E-03
+1.855000E+00,-625E-06
+1.856000E+00,-1.000E-03
+1.857000E+00,-500E-06
+1.858000E+00,-375E-06
+1.859000E+00,-438E-06
+1.860000E+00,-375E-06
+1.861000E+00,-500E-06
+1.862000E+00,-188E-06
+1.863000E+00,-313E-06
+1.864000E+00,-563E-06
+1.865000E+00,-500E-06
+1.866000E+00,-875E-06
+1.867000E+00,-875E-06
+1.868000E+00,-563E-06
+1.869000E+00,-63E-06
+1.870000E+00,-1.000E-03
+1.871000E+00,-563E-06
+1.872000E+00,-250E-06
+1.873000E+00,-750E-06
+1.874000E+00,-438E-06
+1.875000E+00,-375E-06
+1.876000E+00,-688E-06
+1.877000E+00,-438E-06
+1.878000E+00,-438E-06
+1.879000E+00,-438E-06
+1.880000E+00,-250E-06
+1.881000E+00,-688E-06
+1.882000E+00,-563E-06
+1.883000E+00,-375E-06
+1.884000E+00,+0E+00
+1.885000E+00,-250E-06
+1.886000E+00,-750E-06
+1.887000E+00,-375E-06
+1.888000E+00,-750E-06
+1.889000E+00,-625E-06
+1.890000E+00,-250E-06
+1.891000E+00,-563E-06
+1.892000E+00,-375E-06
+1.893000E+00,-813E-06
+1.894000E+00,-250E-06
+1.895000E+00,-750E-06
+1.896000E+00,-375E-06
+1.897000E+00,-563E-06
+1.898000E+00,-250E-06
+1.899000E+00,-125E-06
+1.900000E+00,-375E-06
+1.901000E+00,-438E-06
+1.902000E+00,-625E-06
+1.903000E+00,-688E-06
+1.904000E+00,-250E-06
+1.905000E+00,-438E-06
+1.906000E+00,-563E-06
+1.907000E+00,-688E-06
+1.908000E+00,-688E-06
+1.909000E+00,-563E-06
+1.910000E+00,-563E-06
+1.911000E+00,-500E-06
+1.912000E+00,-938E-06
+1.913000E+00,-375E-06
+1.914000E+00,-438E-06
+1.915000E+00,-563E-06
+1.916000E+00,-500E-06
+1.917000E+00,-438E-06
+1.918000E+00,-938E-06
+1.919000E+00,-375E-06
+1.920000E+00,-125E-06
+1.921000E+00,-563E-06
+1.922000E+00,-563E-06
+1.923000E+00,-688E-06
+1.924000E+00,-63E-06
+1.925000E+00,-500E-06
+1.926000E+00,-375E-06
+1.927000E+00,-750E-06
+1.928000E+00,-500E-06
+1.929000E+00,-63E-06
+1.930000E+00,-125E-06
+1.931000E+00,-438E-06
+1.932000E+00,+0E+00
+1.933000E+00,-313E-06
+1.934000E+00,-375E-06
+1.935000E+00,-125E-06
+1.936000E+00,-313E-06
+1.937000E+00,-438E-06
+1.938000E+00,+63E-06
+1.939000E+00,-188E-06
+1.940000E+00,-500E-06
+1.941000E+00,-688E-06
+1.942000E+00,-63E-06
+1.943000E+00,+125E-06
+1.944000E+00,-250E-06
+1.945000E+00,-500E-06
+1.946000E+00,-625E-06
+1.947000E+00,-750E-06
+1.948000E+00,-375E-06
+1.949000E+00,-688E-06
+1.950000E+00,-188E-06
+1.951000E+00,-563E-06
+1.952000E+00,+63E-06
+1.953000E+00,-63E-06
+1.954000E+00,-500E-06
+1.955000E+00,-688E-06
+1.956000E+00,-1.000E-03
+1.957000E+00,-375E-06
+1.958000E+00,-188E-06
+1.959000E+00,-438E-06
+1.960000E+00,-500E-06
+1.961000E+00,+0E+00
+1.962000E+00,-750E-06
+1.963000E+00,-188E-06
+1.964000E+00,-188E-06
+1.965000E+00,-688E-06
+1.966000E+00,-750E-06
+1.967000E+00,-125E-06
+1.968000E+00,-375E-06
+1.969000E+00,-563E-06
+1.970000E+00,-313E-06
+1.971000E+00,-313E-06
+1.972000E+00,-375E-06
+1.973000E+00,+63E-06
+1.974000E+00,-188E-06
+1.975000E+00,-125E-06
+1.976000E+00,-750E-06
+1.977000E+00,-125E-06
+1.978000E+00,-750E-06
+1.979000E+00,-563E-06
+1.980000E+00,-375E-06
+1.981000E+00,-625E-06
+1.982000E+00,-625E-06
+1.983000E+00,-563E-06
+1.984000E+00,+125E-06
+1.985000E+00,+0E+00
+1.986000E+00,-750E-06
+1.987000E+00,-500E-06
+1.988000E+00,-563E-06
+1.989000E+00,-500E-06
+1.990000E+00,-63E-06
+1.991000E+00,-500E-06
+1.992000E+00,-750E-06
+1.993000E+00,+63E-06
+1.994000E+00,+125E-06
+1.995000E+00,-188E-06
+1.996000E+00,-250E-06
+1.997000E+00,-250E-06
+1.998000E+00,-563E-06
+1.999000E+00,-500E-06
+2.000000E+00,-500E-06
+2.001000E+00,-688E-06
+2.002000E+00,-250E-06
+2.003000E+00,-563E-06
+2.004000E+00,-188E-06
+2.005000E+00,-438E-06
+2.006000E+00,-63E-06
+2.007000E+00,-688E-06
+2.008000E+00,-313E-06
+2.009000E+00,-688E-06
+2.010000E+00,-500E-06
+2.011000E+00,-563E-06
+2.012000E+00,-688E-06
+2.013000E+00,-500E-06
+2.014000E+00,+63E-06
+2.015000E+00,-625E-06
+2.016000E+00,-438E-06
+2.017000E+00,-688E-06
+2.018000E+00,-313E-06
+2.019000E+00,-938E-06
+2.020000E+00,-938E-06
+2.021000E+00,-688E-06
+2.022000E+00,-688E-06
+2.023000E+00,-813E-06
+2.024000E+00,-250E-06
+2.025000E+00,+63E-06
+2.026000E+00,+125E-06
+2.027000E+00,-563E-06
+2.028000E+00,+63E-06
+2.029000E+00,-750E-06
+2.030000E+00,-688E-06
+2.031000E+00,-125E-06
+2.032000E+00,-625E-06
+2.033000E+00,-438E-06
+2.034000E+00,-188E-06
+2.035000E+00,-688E-06
+2.036000E+00,+0E+00
+2.037000E+00,-188E-06
+2.038000E+00,-688E-06
+2.039000E+00,-500E-06
+2.040000E+00,-688E-06
+2.041000E+00,+63E-06
+2.042000E+00,-438E-06
+2.043000E+00,-188E-06
+2.044000E+00,-500E-06
+2.045000E+00,-313E-06
+2.046000E+00,-438E-06
+2.047000E+00,-188E-06
+2.048000E+00,-438E-06
+2.049000E+00,-63E-06
+2.050000E+00,-250E-06
+2.051000E+00,+0E+00
+2.052000E+00,+0.00000E+00
+2.053000E+00,-688E-06
+2.054000E+00,-500E-06
+2.055000E+00,-125E-06
+2.056000E+00,-750E-06
+2.057000E+00,-125E-06
+2.058000E+00,-188E-06
+2.059000E+00,-313E-06
+2.060000E+00,-813E-06
+2.061000E+00,-313E-06
+2.062000E+00,-688E-06
+2.063000E+00,-188E-06
+2.064000E+00,-375E-06
+2.065000E+00,-750E-06
+2.066000E+00,-375E-06
+2.067000E+00,-313E-06
+2.068000E+00,-313E-06
+2.069000E+00,-750E-06
+2.070000E+00,-625E-06
+2.071000E+00,-250E-06
+2.072000E+00,-188E-06
+2.073000E+00,-63E-06
+2.074000E+00,-500E-06
+2.075000E+00,-625E-06
+2.076000E+00,-250E-06
+2.077000E+00,-63E-06
+2.078000E+00,-188E-06
+2.079000E+00,-375E-06
+2.080000E+00,-688E-06
+2.081000E+00,-375E-06
+2.082000E+00,-125E-06
+2.083000E+00,-125E-06
+2.084000E+00,-250E-06
+2.085000E+00,-563E-06
+2.086000E+00,-500E-06
+2.087000E+00,-188E-06
+2.088000E+00,-563E-06
+2.089000E+00,-813E-06
+2.090000E+00,+0E+00
+2.091000E+00,-375E-06
+2.092000E+00,-63E-06
+2.093000E+00,-63E-06
+2.094000E+00,-500E-06
+2.095000E+00,-188E-06
+2.096000E+00,+0E+00
+2.097000E+00,-375E-06
+2.098000E+00,-125E-06
+2.099000E+00,-438E-06
+2.100000E+00,+125E-06
+2.101000E+00,-688E-06
+2.102000E+00,-313E-06
+2.103000E+00,-625E-06
+2.104000E+00,-250E-06
+2.105000E+00,-188E-06
+2.106000E+00,-438E-06
+2.107000E+00,-938E-06
+2.108000E+00,-125E-06
+2.109000E+00,-313E-06
+2.110000E+00,-500E-06
+2.111000E+00,-375E-06
+2.112000E+00,-813E-06
+2.113000E+00,-500E-06
+2.114000E+00,-438E-06
+2.115000E+00,-750E-06
+2.116000E+00,-188E-06
+2.117000E+00,-313E-06
+2.118000E+00,-500E-06
+2.119000E+00,-313E-06
+2.120000E+00,-688E-06
+2.121000E+00,-938E-06
+2.122000E+00,-688E-06
+2.123000E+00,-813E-06
+2.124000E+00,-375E-06
+2.125000E+00,-500E-06
+2.126000E+00,-125E-06
+2.127000E+00,-188E-06
+2.128000E+00,-375E-06
+2.129000E+00,-750E-06
+2.130000E+00,-250E-06
+2.131000E+00,-563E-06
+2.132000E+00,-250E-06
+2.133000E+00,-250E-06
+2.134000E+00,-938E-06
+2.135000E+00,-313E-06
+2.136000E+00,-688E-06
+2.137000E+00,-750E-06
+2.138000E+00,-375E-06
+2.139000E+00,-500E-06
+2.140000E+00,-250E-06
+2.141000E+00,-188E-06
+2.142000E+00,-125E-06
+2.143000E+00,-750E-06
+2.144000E+00,+0E+00
+2.145000E+00,-688E-06
+2.146000E+00,-500E-06
+2.147000E+00,-125E-06
+2.148000E+00,-188E-06
+2.149000E+00,-563E-06
+2.150000E+00,-750E-06
+2.151000E+00,-563E-06
+2.152000E+00,-438E-06
+2.153000E+00,-563E-06
+2.154000E+00,-188E-06
+2.155000E+00,-63E-06
+2.156000E+00,-750E-06
+2.157000E+00,-125E-06
+2.158000E+00,-188E-06
+2.159000E+00,+125E-06
+2.160000E+00,-188E-06
+2.161000E+00,-563E-06
+2.162000E+00,+188E-06
+2.163000E+00,+0E+00
+2.164000E+00,-375E-06
+2.165000E+00,-313E-06
+2.166000E+00,-563E-06
+2.167000E+00,-375E-06
+2.168000E+00,-250E-06
+2.169000E+00,-188E-06
+2.170000E+00,-438E-06
+2.171000E+00,-438E-06
+2.172000E+00,-688E-06
+2.173000E+00,-625E-06
+2.174000E+00,-750E-06
+2.175000E+00,-313E-06
+2.176000E+00,-688E-06
+2.177000E+00,-813E-06
+2.178000E+00,+63E-06
+2.179000E+00,-563E-06
+2.180000E+00,-313E-06
+2.181000E+00,+63E-06
+2.182000E+00,-438E-06
+2.183000E+00,-188E-06
+2.184000E+00,-438E-06
+2.185000E+00,-625E-06
+2.186000E+00,-188E-06
+2.187000E+00,-313E-06
+2.188000E+00,-750E-06
+2.189000E+00,-500E-06
+2.190000E+00,-125E-06
+2.191000E+00,-375E-06
+2.192000E+00,-688E-06
+2.193000E+00,-250E-06
+2.194000E+00,-375E-06
+2.195000E+00,-500E-06
+2.196000E+00,+125E-06
+2.197000E+00,-63E-06
+2.198000E+00,-688E-06
+2.199000E+00,-375E-06
+2.200000E+00,-563E-06
+2.201000E+00,-500E-06
+2.202000E+00,-750E-06
+2.203000E+00,+0E+00
+2.204000E+00,-250E-06
+2.205000E+00,-250E-06
+2.206000E+00,-250E-06
+2.207000E+00,-688E-06
+2.208000E+00,-688E-06
+2.209000E+00,-813E-06
+2.210000E+00,-750E-06
+2.211000E+00,+125E-06
Anlg Ch State  Volts/div  Position  Coupling  BW Limit  Invert 
 Ch 1:    On      1mV/     0.000V      AC        On       On   

Anlg Ch  Probe  
 Ch 1:  1.0 : 1 

Trigger  Mode   Coupling  Noise Rej  HF Reject  Holdoff 
  Edge  Normal     DC        Off        Off       90ns  

Trigger  Source    Slope    Level 
        External  Falling  +580mV 

Time Time Ref  Main S/div  Delay 
Main   Left      200ms/    412ms 

Acquisition Realtime  Vectors  Infinite Persistence 
   Normal      Off       On             Off         

