x-axis,1,2
second,Volt,Volt
+732.000E-03,+793.983E-03,-385.547E-03
+733.000E-03,+793.983E-03,-385.156E-03
+734.000E-03,+793.985E-03,-384.766E-03
+735.000E-03,+793.983E-03,-384.375E-03
+736.000E-03,+793.983E-03,-383.984E-03
+737.000E-03,+793.981E-03,-383.594E-03
+738.000E-03,+793.975E-03,-383.203E-03
+739.000E-03,+793.975E-03,-382.812E-03
+740.000E-03,+793.971E-03,-383.203E-03
+741.000E-03,+793.973E-03,-383.203E-03
+742.000E-03,+793.970E-03,-383.594E-03
+743.000E-03,+793.970E-03,-383.984E-03
+744.000E-03,+793.971E-03,-384.375E-03
+745.000E-03,+793.973E-03,-384.766E-03
+746.000E-03,+793.973E-03,-385.156E-03
+747.000E-03,+793.975E-03,-385.547E-03
+748.000E-03,+793.973E-03,-385.547E-03
+749.000E-03,+793.975E-03,-385.547E-03
+750.000E-03,+793.975E-03,-385.156E-03
+751.000E-03,+793.973E-03,-384.766E-03
+752.000E-03,+793.973E-03,-384.375E-03
+753.000E-03,+793.973E-03,-383.984E-03
+754.000E-03,+793.971E-03,-383.203E-03
+755.000E-03,+793.968E-03,-383.203E-03
+756.000E-03,+793.964E-03,-383.203E-03
+757.000E-03,+793.962E-03,-383.203E-03
+758.000E-03,+793.962E-03,-383.203E-03
+759.000E-03,+793.958E-03,-383.594E-03
+760.000E-03,+793.960E-03,-383.984E-03
+761.000E-03,+793.958E-03,-384.375E-03
+762.000E-03,+793.962E-03,-384.766E-03
+763.000E-03,+793.962E-03,-385.156E-03
+764.000E-03,+793.964E-03,-385.547E-03
+765.000E-03,+793.966E-03,-385.547E-03
+766.000E-03,+793.966E-03,-385.156E-03
+767.000E-03,+793.968E-03,-384.766E-03
+768.000E-03,+793.970E-03,-384.766E-03
+769.000E-03,+793.971E-03,-383.984E-03
+770.000E-03,+793.971E-03,-383.594E-03
+771.000E-03,+793.973E-03,-383.203E-03
+772.000E-03,+793.971E-03,-383.203E-03
+773.000E-03,+793.970E-03,-383.203E-03
+774.000E-03,+793.968E-03,-383.203E-03
+775.000E-03,+793.968E-03,-383.594E-03
+776.000E-03,+793.966E-03,-383.594E-03
+777.000E-03,+793.968E-03,-383.984E-03
+778.000E-03,+793.968E-03,-384.766E-03
+779.000E-03,+793.968E-03,-385.156E-03
+780.000E-03,+793.968E-03,-385.547E-03
+781.000E-03,+793.971E-03,-385.547E-03
+782.000E-03,+793.971E-03,-385.156E-03
+783.000E-03,+793.977E-03,-385.156E-03
+784.000E-03,+793.979E-03,-384.766E-03
+785.000E-03,+793.979E-03,-384.375E-03
+786.000E-03,+793.983E-03,-383.984E-03
+787.000E-03,+793.983E-03,-383.594E-03
+788.000E-03,+793.983E-03,-383.203E-03
+789.000E-03,+793.981E-03,-383.203E-03
+790.000E-03,+793.981E-03,-383.203E-03
+791.000E-03,+793.979E-03,-383.203E-03
+792.000E-03,+793.979E-03,-383.203E-03
+793.000E-03,+793.975E-03,-383.984E-03
+794.000E-03,+793.975E-03,-383.984E-03
+795.000E-03,+793.971E-03,-384.375E-03
+796.000E-03,+793.971E-03,-385.156E-03
+797.000E-03,+793.970E-03,-385.156E-03
+798.000E-03,+793.970E-03,-385.547E-03
+799.000E-03,+793.970E-03,-385.156E-03
+800.000E-03,+793.971E-03,-385.156E-03
+801.000E-03,+793.973E-03,-384.766E-03
+802.000E-03,+793.973E-03,-384.375E-03
+803.000E-03,+793.975E-03,-383.984E-03
+804.000E-03,+793.975E-03,-383.203E-03
+805.000E-03,+793.977E-03,-382.812E-03
+806.000E-03,+793.975E-03,-383.203E-03
+807.000E-03,+793.977E-03,-383.203E-03
+808.000E-03,+793.973E-03,-383.203E-03
+809.000E-03,+793.973E-03,-383.594E-03
+810.000E-03,+793.968E-03,-383.984E-03
+811.000E-03,+793.968E-03,-384.375E-03
+812.000E-03,+793.964E-03,-384.766E-03
+813.000E-03,+793.964E-03,-385.156E-03
+814.000E-03,+793.958E-03,-385.547E-03
+815.000E-03,+793.960E-03,-385.547E-03
+816.000E-03,+793.960E-03,-385.156E-03
+817.000E-03,+793.960E-03,-385.156E-03
+818.000E-03,+793.964E-03,-384.766E-03
+819.000E-03,+793.964E-03,-384.375E-03
+820.000E-03,+793.968E-03,-383.594E-03
+821.000E-03,+793.970E-03,-383.203E-03
+822.000E-03,+793.971E-03,-383.203E-03
+823.000E-03,+793.973E-03,-383.203E-03
+824.000E-03,+793.975E-03,-383.203E-03
+825.000E-03,+793.975E-03,-383.594E-03
+826.000E-03,+793.975E-03,-383.594E-03
+827.000E-03,+793.971E-03,-383.984E-03
+828.000E-03,+793.971E-03,-384.766E-03
+829.000E-03,+793.968E-03,-385.156E-03
+830.000E-03,+793.968E-03,-385.547E-03
+831.000E-03,+793.966E-03,-385.547E-03
+832.000E-03,+793.966E-03,-385.547E-03
+833.000E-03,+793.966E-03,-385.156E-03
+834.000E-03,+793.966E-03,-384.766E-03
+835.000E-03,+793.968E-03,-384.375E-03
+836.000E-03,+793.973E-03,-383.984E-03
+837.000E-03,+793.975E-03,-383.594E-03
+838.000E-03,+793.977E-03,-383.203E-03
+839.000E-03,+793.981E-03,-382.812E-03
+840.000E-03,+793.983E-03,-383.203E-03
+841.000E-03,+793.985E-03,-383.203E-03
+842.000E-03,+793.987E-03,-383.594E-03
+843.000E-03,+793.987E-03,-383.984E-03
+844.000E-03,+793.985E-03,-384.375E-03
+845.000E-03,+793.981E-03,-384.766E-03
+846.000E-03,+793.979E-03,-385.156E-03
+847.000E-03,+793.975E-03,-385.547E-03
+848.000E-03,+793.973E-03,-385.547E-03
+849.000E-03,+793.971E-03,-385.547E-03
+850.000E-03,+793.970E-03,-385.156E-03
+851.000E-03,+793.966E-03,-384.766E-03
+852.000E-03,+793.968E-03,-384.375E-03
+853.000E-03,+793.968E-03,-383.984E-03
+854.000E-03,+793.971E-03,-383.203E-03
+855.000E-03,+793.971E-03,-383.203E-03
+856.000E-03,+793.973E-03,-382.812E-03
+857.000E-03,+793.975E-03,-383.203E-03
+858.000E-03,+793.977E-03,-383.203E-03
+859.000E-03,+793.979E-03,-383.594E-03
+860.000E-03,+793.981E-03,-383.984E-03
+861.000E-03,+793.975E-03,-384.375E-03
+862.000E-03,+793.973E-03,-384.766E-03
+863.000E-03,+793.970E-03,-385.156E-03
+864.000E-03,+793.966E-03,-385.547E-03
+865.000E-03,+793.964E-03,-385.547E-03
+866.000E-03,+793.960E-03,-385.156E-03
+867.000E-03,+793.958E-03,-384.766E-03
+868.000E-03,+793.958E-03,-384.766E-03
+869.000E-03,+793.958E-03,-384.375E-03
+870.000E-03,+793.958E-03,-383.594E-03
+871.000E-03,+793.962E-03,-383.203E-03
+872.000E-03,+793.964E-03,-383.203E-03
+873.000E-03,+793.970E-03,-382.812E-03
+874.000E-03,+793.970E-03,-383.203E-03
+875.000E-03,+793.973E-03,-383.203E-03
+876.000E-03,+793.977E-03,-383.594E-03
+877.000E-03,+793.981E-03,-383.984E-03
+878.000E-03,+793.981E-03,-384.375E-03
+879.000E-03,+793.979E-03,-385.156E-03
+880.000E-03,+793.979E-03,-385.156E-03
+881.000E-03,+793.975E-03,-385.547E-03
+882.000E-03,+793.973E-03,-385.156E-03
+883.000E-03,+793.971E-03,-385.156E-03
+884.000E-03,+793.971E-03,-384.766E-03
+885.000E-03,+793.970E-03,-384.375E-03
+886.000E-03,+793.970E-03,-383.984E-03
+887.000E-03,+793.968E-03,-383.594E-03
+888.000E-03,+793.971E-03,-383.203E-03
+889.000E-03,+793.975E-03,-382.812E-03
+890.000E-03,+793.975E-03,-382.812E-03
+891.000E-03,+793.981E-03,-383.203E-03
+892.000E-03,+793.985E-03,-383.203E-03
+893.000E-03,+793.987E-03,-383.984E-03
+894.000E-03,+793.987E-03,-383.984E-03
+895.000E-03,+793.989E-03,-384.766E-03
+896.000E-03,+793.989E-03,-385.156E-03
+897.000E-03,+793.989E-03,-385.547E-03
+898.000E-03,+793.983E-03,-385.547E-03
+899.000E-03,+793.981E-03,-385.156E-03
+900.000E-03,+793.977E-03,-385.156E-03
+901.000E-03,+793.973E-03,-384.766E-03
+902.000E-03,+793.973E-03,-384.375E-03
+903.000E-03,+793.971E-03,-383.594E-03
+904.000E-03,+793.968E-03,-383.203E-03
+905.000E-03,+793.968E-03,-383.203E-03
+906.000E-03,+793.968E-03,-383.203E-03
+907.000E-03,+793.971E-03,-383.203E-03
+908.000E-03,+793.970E-03,-383.594E-03
+909.000E-03,+793.975E-03,-383.594E-03
+910.000E-03,+793.977E-03,-383.984E-03
+911.000E-03,+793.975E-03,-384.375E-03
+912.000E-03,+793.977E-03,-384.766E-03
+913.000E-03,+793.977E-03,-385.547E-03
+914.000E-03,+793.977E-03,-385.547E-03
+915.000E-03,+793.973E-03,-385.547E-03
+916.000E-03,+793.971E-03,-385.156E-03
+917.000E-03,+793.968E-03,-385.156E-03
+918.000E-03,+793.966E-03,-384.375E-03
+919.000E-03,+793.962E-03,-384.375E-03
+920.000E-03,+793.962E-03,-383.594E-03
+921.000E-03,+793.958E-03,-383.203E-03
+922.000E-03,+793.960E-03,-382.812E-03
+923.000E-03,+793.960E-03,-383.203E-03
+924.000E-03,+793.960E-03,-383.203E-03
+925.000E-03,+793.962E-03,-383.203E-03
+926.000E-03,+793.966E-03,-383.594E-03
+927.000E-03,+793.971E-03,-383.984E-03
+928.000E-03,+793.973E-03,-384.375E-03
+929.000E-03,+793.975E-03,-385.156E-03
+930.000E-03,+793.975E-03,-385.547E-03
+931.000E-03,+793.977E-03,-385.547E-03
+932.000E-03,+793.975E-03,-385.547E-03
+933.000E-03,+793.977E-03,-385.156E-03
+934.000E-03,+793.973E-03,-384.766E-03
+935.000E-03,+793.973E-03,-384.375E-03
+936.000E-03,+793.970E-03,-383.984E-03
+937.000E-03,+793.968E-03,-383.203E-03
+938.000E-03,+793.968E-03,-383.203E-03
+939.000E-03,+793.970E-03,-382.812E-03
+940.000E-03,+793.968E-03,-383.203E-03
+941.000E-03,+793.968E-03,-383.203E-03
+942.000E-03,+793.971E-03,-383.594E-03
+943.000E-03,+793.973E-03,-383.984E-03
+944.000E-03,+793.979E-03,-383.984E-03
+945.000E-03,+793.981E-03,-384.766E-03
+946.000E-03,+793.983E-03,-385.156E-03
+947.000E-03,+793.983E-03,-385.547E-03
+948.000E-03,+793.987E-03,-385.547E-03
+949.000E-03,+793.987E-03,-385.156E-03
+950.000E-03,+793.987E-03,-385.156E-03
+951.000E-03,+793.987E-03,-384.766E-03
+952.000E-03,+793.987E-03,-384.375E-03
+953.000E-03,+793.983E-03,-383.984E-03
+954.000E-03,+793.981E-03,-383.203E-03
+955.000E-03,+793.977E-03,-383.203E-03
+956.000E-03,+793.977E-03,-382.812E-03
+957.000E-03,+793.975E-03,-383.203E-03
+958.000E-03,+793.973E-03,-383.203E-03
+959.000E-03,+793.973E-03,-383.594E-03
+960.000E-03,+793.975E-03,-383.984E-03
+961.000E-03,+793.975E-03,-384.375E-03
+962.000E-03,+793.977E-03,-384.766E-03
+963.000E-03,+793.979E-03,-385.156E-03
+964.000E-03,+793.977E-03,-385.547E-03
+965.000E-03,+793.979E-03,-385.156E-03
+966.000E-03,+793.977E-03,-385.156E-03
+967.000E-03,+793.979E-03,-384.766E-03
+968.000E-03,+793.977E-03,-384.766E-03
+969.000E-03,+793.977E-03,-383.984E-03
+970.000E-03,+793.973E-03,-383.594E-03
+971.000E-03,+793.970E-03,-383.203E-03
+972.000E-03,+793.968E-03,-382.812E-03
+973.000E-03,+793.966E-03,-383.203E-03
+974.000E-03,+793.964E-03,-383.203E-03
+975.000E-03,+793.962E-03,-383.203E-03
+976.000E-03,+793.962E-03,-383.594E-03
+977.000E-03,+793.962E-03,-383.984E-03
+978.000E-03,+793.964E-03,-384.375E-03
+979.000E-03,+793.962E-03,-385.156E-03
+980.000E-03,+793.968E-03,-385.156E-03
+981.000E-03,+793.968E-03,-385.547E-03
+982.000E-03,+793.971E-03,-385.547E-03
+983.000E-03,+793.971E-03,-385.156E-03
+984.000E-03,+793.975E-03,-384.766E-03
+985.000E-03,+793.975E-03,-384.375E-03
+986.000E-03,+793.977E-03,-383.984E-03
+987.000E-03,+793.975E-03,-383.594E-03
+988.000E-03,+793.975E-03,-383.203E-03
+989.000E-03,+793.973E-03,-383.203E-03
+990.000E-03,+793.973E-03,-383.203E-03
+991.000E-03,+793.973E-03,-383.203E-03
+992.000E-03,+793.971E-03,-383.594E-03
+993.000E-03,+793.971E-03,-383.984E-03
+994.000E-03,+793.971E-03,-383.984E-03
+995.000E-03,+793.971E-03,-384.766E-03
+996.000E-03,+793.971E-03,-385.156E-03
+997.000E-03,+793.973E-03,-385.547E-03
+998.000E-03,+793.977E-03,-385.547E-03
+999.000E-03,+793.979E-03,-396.875E-03
+1.000000E+00,+793.962E-03,-683.984E-03
+1.001000E+00,+793.966E-03,-1.017187E+00
+1.002000E+00,+793.960E-03,-1.250391E+00
+1.003000E+00,+793.942E-03,-1.401953E+00
+1.004000E+00,+793.905E-03,-1.492187E+00
+1.005000E+00,+793.845E-03,-1.542969E+00
+1.006000E+00,+793.757E-03,-1.567578E+00
+1.007000E+00,+793.645E-03,-1.576953E+00
+1.008000E+00,+793.522E-03,-1.578125E+00
+1.009000E+00,+793.395E-03,-1.575781E+00
+1.010000E+00,+793.268E-03,-1.571875E+00
+1.011000E+00,+793.141E-03,-1.567969E+00
+1.012000E+00,+793.020E-03,-1.565625E+00
+1.013000E+00,+792.893E-03,-1.563672E+00
+1.014000E+00,+792.772E-03,-1.562109E+00
+1.015000E+00,+792.647E-03,-1.560937E+00
+1.016000E+00,+792.532E-03,-1.560547E+00
+1.017000E+00,+792.415E-03,-1.560547E+00
+1.018000E+00,+792.307E-03,-1.560547E+00
+1.019000E+00,+792.200E-03,-1.560547E+00
+1.020000E+00,+792.098E-03,-1.560156E+00
+1.021000E+00,+791.995E-03,-1.560547E+00
+1.022000E+00,+791.895E-03,-1.560547E+00
+1.023000E+00,+791.794E-03,-1.560937E+00
+1.024000E+00,+791.690E-03,-1.561328E+00
+1.025000E+00,+791.595E-03,-1.561328E+00
+1.026000E+00,+791.493E-03,-1.561719E+00
+1.027000E+00,+791.401E-03,-1.562109E+00
+1.028000E+00,+791.307E-03,-1.562500E+00
+1.029000E+00,+791.220E-03,-1.562891E+00
+1.030000E+00,+791.132E-03,-1.563672E+00
+1.031000E+00,+791.046E-03,-1.563672E+00
+1.032000E+00,+790.962E-03,-1.563672E+00
+1.033000E+00,+790.882E-03,-1.563672E+00
+1.034000E+00,+790.798E-03,-1.563672E+00
+1.035000E+00,+790.720E-03,-1.563672E+00
+1.036000E+00,+790.641E-03,-1.563281E+00
+1.037000E+00,+790.565E-03,-1.562891E+00
+1.038000E+00,+790.491E-03,-1.562891E+00
+1.039000E+00,+790.421E-03,-1.562891E+00
+1.040000E+00,+790.352E-03,-1.562891E+00
+1.041000E+00,+790.286E-03,-1.562891E+00
+1.042000E+00,+790.221E-03,-1.563281E+00
+1.043000E+00,+790.153E-03,-1.563672E+00
+1.044000E+00,+790.087E-03,-1.564062E+00
+1.045000E+00,+790.022E-03,-1.564453E+00
+1.046000E+00,+789.960E-03,-1.564844E+00
+1.047000E+00,+789.893E-03,-1.565234E+00
+1.048000E+00,+789.833E-03,-1.565234E+00
+1.049000E+00,+789.770E-03,-1.565234E+00
+1.050000E+00,+789.712E-03,-1.565234E+00
+1.051000E+00,+789.653E-03,-1.564844E+00
+1.052000E+00,+789.598E-03,-1.564844E+00
+1.053000E+00,+789.546E-03,-1.564453E+00
+1.054000E+00,+789.495E-03,-1.564062E+00
+1.055000E+00,+789.448E-03,-1.564062E+00
+1.056000E+00,+789.397E-03,-1.563672E+00
+1.057000E+00,+789.350E-03,-1.564062E+00
+1.058000E+00,+789.303E-03,-1.564062E+00
+1.059000E+00,+789.262E-03,-1.564453E+00
+1.060000E+00,+789.212E-03,-1.564844E+00
+1.061000E+00,+789.165E-03,-1.565234E+00
+1.062000E+00,+789.118E-03,-1.565625E+00
+1.063000E+00,+789.073E-03,-1.566016E+00
+1.064000E+00,+789.026E-03,-1.566016E+00
+1.065000E+00,+788.983E-03,-1.566016E+00
+1.066000E+00,+788.936E-03,-1.566016E+00
+1.067000E+00,+788.897E-03,-1.565625E+00
+1.068000E+00,+788.854E-03,-1.565625E+00
+1.069000E+00,+788.815E-03,-1.565234E+00
+1.070000E+00,+788.778E-03,-1.564844E+00
+1.071000E+00,+788.739E-03,-1.564844E+00
+1.072000E+00,+788.706E-03,-1.564453E+00
+1.073000E+00,+788.669E-03,-1.564453E+00
+1.074000E+00,+788.632E-03,-1.564453E+00
+1.075000E+00,+788.596E-03,-1.564844E+00
+1.076000E+00,+788.563E-03,-1.564844E+00
+1.077000E+00,+788.526E-03,-1.565234E+00
+1.078000E+00,+788.489E-03,-1.565625E+00
+1.079000E+00,+788.452E-03,-1.566016E+00
+1.080000E+00,+788.417E-03,-1.566016E+00
+1.081000E+00,+788.380E-03,-1.566016E+00
+1.082000E+00,+788.348E-03,-1.566016E+00
+1.083000E+00,+788.317E-03,-1.566016E+00
+1.084000E+00,+788.286E-03,-1.566016E+00
+1.085000E+00,+788.257E-03,-1.565625E+00
+1.086000E+00,+788.229E-03,-1.565625E+00
+1.087000E+00,+788.206E-03,-1.565234E+00
+1.088000E+00,+788.180E-03,-1.564844E+00
+1.089000E+00,+788.159E-03,-1.564844E+00
+1.090000E+00,+788.136E-03,-1.564844E+00
+1.091000E+00,+788.114E-03,-1.564844E+00
+1.092000E+00,+788.093E-03,-1.565234E+00
+1.093000E+00,+788.073E-03,-1.565234E+00
+1.094000E+00,+788.048E-03,-1.565625E+00
+1.095000E+00,+788.026E-03,-1.566016E+00
+1.096000E+00,+788.003E-03,-1.566406E+00
+1.097000E+00,+787.979E-03,-1.566406E+00
+1.098000E+00,+787.954E-03,-1.566406E+00
+1.099000E+00,+787.930E-03,-1.566406E+00
+1.100000E+00,+787.909E-03,-1.566406E+00
+1.101000E+00,+787.887E-03,-1.566016E+00
+1.102000E+00,+787.866E-03,-1.566016E+00
+1.103000E+00,+787.846E-03,-1.565625E+00
+1.104000E+00,+787.831E-03,-1.565234E+00
+1.105000E+00,+787.813E-03,-1.565234E+00
+1.106000E+00,+787.802E-03,-1.564844E+00
+1.107000E+00,+787.784E-03,-1.565234E+00
+1.108000E+00,+787.772E-03,-1.565234E+00
+1.109000E+00,+787.757E-03,-1.565625E+00
+1.110000E+00,+787.741E-03,-1.565625E+00
+1.111000E+00,+787.727E-03,-1.566016E+00
+1.112000E+00,+787.712E-03,-1.566406E+00
+1.113000E+00,+787.692E-03,-1.566406E+00
+1.114000E+00,+787.677E-03,-1.566406E+00
+1.115000E+00,+787.655E-03,-1.566406E+00
+1.116000E+00,+787.639E-03,-1.566406E+00
+1.117000E+00,+787.622E-03,-1.566406E+00
+1.118000E+00,+787.602E-03,-1.566016E+00
+1.119000E+00,+787.587E-03,-1.566016E+00
+1.120000E+00,+787.573E-03,-1.565625E+00
+1.121000E+00,+787.561E-03,-1.565625E+00
+1.122000E+00,+787.546E-03,-1.565234E+00
+1.123000E+00,+787.534E-03,-1.565234E+00
+1.124000E+00,+787.524E-03,-1.565234E+00
+1.125000E+00,+787.516E-03,-1.565234E+00
+1.126000E+00,+787.505E-03,-1.565625E+00
+1.127000E+00,+787.495E-03,-1.565625E+00
+1.128000E+00,+787.483E-03,-1.566406E+00
+1.129000E+00,+787.471E-03,-1.566406E+00
+1.130000E+00,+787.460E-03,-1.566406E+00
+1.131000E+00,+787.450E-03,-1.566406E+00
+1.132000E+00,+787.438E-03,-1.566406E+00
+1.133000E+00,+787.427E-03,-1.566406E+00
+1.134000E+00,+787.417E-03,-1.566406E+00
+1.135000E+00,+787.409E-03,-1.566016E+00
+1.136000E+00,+787.401E-03,-1.566016E+00
+1.137000E+00,+787.391E-03,-1.565625E+00
+1.138000E+00,+787.386E-03,-1.565234E+00
+1.139000E+00,+787.380E-03,-1.565234E+00
+1.140000E+00,+787.374E-03,-1.565234E+00
+1.141000E+00,+787.368E-03,-1.565234E+00
+1.142000E+00,+787.366E-03,-1.565625E+00
+1.143000E+00,+787.360E-03,-1.565625E+00
+1.144000E+00,+787.356E-03,-1.566016E+00
+1.145000E+00,+787.350E-03,-1.566406E+00
+1.146000E+00,+787.346E-03,-1.566406E+00
+1.147000E+00,+787.341E-03,-1.566406E+00
+1.148000E+00,+787.337E-03,-1.566406E+00
+1.149000E+00,+787.333E-03,-1.566406E+00
+1.150000E+00,+787.329E-03,-1.566406E+00
+1.151000E+00,+787.323E-03,-1.566016E+00
+1.152000E+00,+787.321E-03,-1.566016E+00
+1.153000E+00,+787.317E-03,-1.566016E+00
+1.154000E+00,+787.313E-03,-1.565625E+00
+1.155000E+00,+787.309E-03,-1.565234E+00
+1.156000E+00,+787.307E-03,-1.565234E+00
+1.157000E+00,+787.303E-03,-1.565234E+00
+1.158000E+00,+787.300E-03,-1.565625E+00
+1.159000E+00,+787.298E-03,-1.565625E+00
+1.160000E+00,+787.296E-03,-1.566016E+00
+1.161000E+00,+787.296E-03,-1.566016E+00
+1.162000E+00,+787.292E-03,-1.566406E+00
+1.163000E+00,+787.290E-03,-1.566406E+00
+1.164000E+00,+787.288E-03,-1.566406E+00
+1.165000E+00,+787.286E-03,-1.566406E+00
+1.166000E+00,+787.284E-03,-1.566406E+00
+1.167000E+00,+787.282E-03,-1.566406E+00
+1.168000E+00,+787.280E-03,-1.566406E+00
+1.169000E+00,+787.278E-03,-1.566016E+00
+1.170000E+00,+787.276E-03,-1.566016E+00
+1.171000E+00,+787.274E-03,-1.565625E+00
+1.172000E+00,+787.272E-03,-1.565234E+00
+1.173000E+00,+787.270E-03,-1.565234E+00
+1.174000E+00,+787.268E-03,-1.565625E+00
+1.175000E+00,+787.266E-03,-1.565625E+00
+1.176000E+00,+787.264E-03,-1.565625E+00
+1.177000E+00,+787.264E-03,-1.566016E+00
+1.178000E+00,+787.262E-03,-1.566406E+00
+1.179000E+00,+787.261E-03,-1.566406E+00
+1.180000E+00,+787.259E-03,-1.566797E+00
+1.181000E+00,+787.261E-03,-1.566406E+00
+1.182000E+00,+787.259E-03,-1.566406E+00
+1.183000E+00,+787.257E-03,-1.566406E+00
+1.184000E+00,+787.257E-03,-1.566406E+00
+1.185000E+00,+787.257E-03,-1.566016E+00
+1.186000E+00,+787.257E-03,-1.566016E+00
+1.187000E+00,+787.255E-03,-1.565625E+00
+1.188000E+00,+787.253E-03,-1.565625E+00
+1.189000E+00,+787.253E-03,-1.565234E+00
+1.190000E+00,+787.253E-03,-1.565625E+00
+1.191000E+00,+787.253E-03,-1.565625E+00
+1.192000E+00,+787.251E-03,-1.565625E+00
+1.193000E+00,+787.251E-03,-1.566016E+00
+1.194000E+00,+787.251E-03,-1.566016E+00
+1.195000E+00,+787.251E-03,-1.566406E+00
+1.196000E+00,+787.251E-03,-1.566406E+00
+1.197000E+00,+787.251E-03,-1.566797E+00
+1.198000E+00,+787.251E-03,-1.566406E+00
+1.199000E+00,+787.253E-03,-1.566406E+00
+1.200000E+00,+787.251E-03,-1.566406E+00
+1.201000E+00,+787.253E-03,-1.566406E+00
+1.202000E+00,+787.253E-03,-1.566016E+00
+1.203000E+00,+787.253E-03,-1.566016E+00
+1.204000E+00,+787.251E-03,-1.565625E+00
+1.205000E+00,+787.251E-03,-1.565625E+00
+1.206000E+00,+787.251E-03,-1.565234E+00
+1.207000E+00,+787.249E-03,-1.565625E+00
+1.208000E+00,+787.247E-03,-1.565625E+00
+1.209000E+00,+787.247E-03,-1.565625E+00
+1.210000E+00,+787.247E-03,-1.566016E+00
+1.211000E+00,+787.245E-03,-1.566406E+00
+1.212000E+00,+787.245E-03,-1.566406E+00
+1.213000E+00,+787.243E-03,-1.566406E+00
+1.214000E+00,+787.243E-03,-1.566797E+00
+1.215000E+00,+787.243E-03,-1.566797E+00
+1.216000E+00,+787.243E-03,-1.566406E+00
+1.217000E+00,+787.243E-03,-1.566406E+00
+1.218000E+00,+787.243E-03,-1.566406E+00
+1.219000E+00,+787.243E-03,-1.566016E+00
+1.220000E+00,+787.241E-03,-1.566016E+00
+1.221000E+00,+787.241E-03,-1.565625E+00
+1.222000E+00,+787.241E-03,-1.565234E+00
+1.223000E+00,+787.241E-03,-1.565625E+00
+1.224000E+00,+787.239E-03,-1.565625E+00
+1.225000E+00,+787.239E-03,-1.565625E+00
+1.226000E+00,+787.239E-03,-1.566016E+00
+1.227000E+00,+787.239E-03,-1.566016E+00
+1.228000E+00,+787.239E-03,-1.566406E+00
+1.229000E+00,+787.239E-03,-1.566406E+00
+1.230000E+00,+787.237E-03,-1.566797E+00
+1.231000E+00,+787.239E-03,-1.566797E+00
+1.232000E+00,+787.239E-03,-1.566406E+00
+1.233000E+00,+787.239E-03,-1.566797E+00
+1.234000E+00,+787.237E-03,-1.566406E+00
+1.235000E+00,+787.237E-03,-1.566406E+00
+1.236000E+00,+787.237E-03,-1.566016E+00
+1.237000E+00,+787.237E-03,-1.566016E+00
+1.238000E+00,+787.237E-03,-1.565625E+00
+1.239000E+00,+787.237E-03,-1.565625E+00
+1.240000E+00,+787.237E-03,-1.565625E+00
+1.241000E+00,+787.237E-03,-1.565625E+00
+1.242000E+00,+787.237E-03,-1.566016E+00
+1.243000E+00,+787.237E-03,-1.566016E+00
+1.244000E+00,+787.239E-03,-1.566406E+00
+1.245000E+00,+787.239E-03,-1.566406E+00
+1.246000E+00,+787.239E-03,-1.566797E+00
+1.247000E+00,+787.239E-03,-1.566797E+00
+1.248000E+00,+787.239E-03,-1.566797E+00
+1.249000E+00,+787.239E-03,-1.566797E+00
+1.250000E+00,+787.241E-03,-1.566406E+00
+1.251000E+00,+787.241E-03,-1.566406E+00
+1.252000E+00,+787.241E-03,-1.566406E+00
+1.253000E+00,+787.241E-03,-1.566016E+00
+1.254000E+00,+787.241E-03,-1.566016E+00
+1.255000E+00,+787.243E-03,-1.565625E+00
+1.256000E+00,+787.241E-03,-1.565625E+00
+1.257000E+00,+787.243E-03,-1.565625E+00
+1.258000E+00,+787.241E-03,-1.565625E+00
+1.259000E+00,+787.241E-03,-1.566016E+00
+1.260000E+00,+787.241E-03,-1.566016E+00
+1.261000E+00,+787.239E-03,-1.566406E+00
+1.262000E+00,+787.239E-03,-1.566406E+00
+1.263000E+00,+787.239E-03,-1.566797E+00
+1.264000E+00,+787.237E-03,-1.566797E+00
+1.265000E+00,+787.237E-03,-1.566797E+00
+1.266000E+00,+787.237E-03,-1.566406E+00
+1.267000E+00,+787.235E-03,-1.566797E+00
+1.268000E+00,+787.235E-03,-1.566406E+00
+1.269000E+00,+787.235E-03,-1.566016E+00
+1.270000E+00,+787.235E-03,-1.566016E+00
+1.271000E+00,+787.235E-03,-1.565625E+00
+1.272000E+00,+787.235E-03,-1.565625E+00
+1.273000E+00,+787.235E-03,-1.565625E+00
+1.274000E+00,+787.235E-03,-1.565625E+00
+1.275000E+00,+787.235E-03,-1.565625E+00
+1.276000E+00,+787.235E-03,-1.566016E+00
+1.277000E+00,+787.235E-03,-1.566016E+00
+1.278000E+00,+787.235E-03,-1.566406E+00
+1.279000E+00,+787.235E-03,-1.566406E+00
+1.280000E+00,+787.235E-03,-1.566797E+00
+1.281000E+00,+787.235E-03,-1.566797E+00
+1.282000E+00,+787.235E-03,-1.566797E+00
+1.283000E+00,+787.235E-03,-1.566406E+00
+1.284000E+00,+787.235E-03,-1.566406E+00
+1.285000E+00,+787.235E-03,-1.566406E+00
+1.286000E+00,+787.235E-03,-1.566406E+00
+1.287000E+00,+787.235E-03,-1.566016E+00
+1.288000E+00,+787.235E-03,-1.565625E+00
+1.289000E+00,+787.235E-03,-1.565625E+00
+1.290000E+00,+787.235E-03,-1.565625E+00
+1.291000E+00,+787.235E-03,-1.565625E+00
+1.292000E+00,+787.235E-03,-1.565625E+00
+1.293000E+00,+787.235E-03,-1.566016E+00
+1.294000E+00,+787.235E-03,-1.566016E+00
+1.295000E+00,+787.235E-03,-1.566406E+00
+1.296000E+00,+787.235E-03,-1.566797E+00
+1.297000E+00,+787.235E-03,-1.566797E+00
+1.298000E+00,+787.237E-03,-1.566797E+00
+1.299000E+00,+787.237E-03,-1.566797E+00
+1.300000E+00,+787.237E-03,-1.566406E+00
+1.301000E+00,+787.237E-03,-1.566406E+00
+1.302000E+00,+787.237E-03,-1.566406E+00
+1.303000E+00,+787.237E-03,-1.566016E+00
+1.304000E+00,+787.237E-03,-1.566016E+00
+1.305000E+00,+787.237E-03,-1.565625E+00
+1.306000E+00,+787.237E-03,-1.565625E+00
+1.307000E+00,+787.239E-03,-1.565625E+00
+1.308000E+00,+787.239E-03,-1.565625E+00
+1.309000E+00,+787.239E-03,-1.566016E+00
+1.310000E+00,+787.239E-03,-1.566016E+00
+1.311000E+00,+787.239E-03,-1.566406E+00
+1.312000E+00,+787.239E-03,-1.566797E+00
+1.313000E+00,+787.239E-03,-1.566797E+00
+1.314000E+00,+787.237E-03,-1.566797E+00
+1.315000E+00,+787.237E-03,-1.566797E+00
+1.316000E+00,+787.237E-03,-1.566797E+00
+1.317000E+00,+787.237E-03,-1.566406E+00
+1.318000E+00,+787.235E-03,-1.566406E+00
+1.319000E+00,+787.235E-03,-1.566406E+00
+1.320000E+00,+787.235E-03,-1.566016E+00
+1.321000E+00,+787.235E-03,-1.566016E+00
+1.322000E+00,+787.233E-03,-1.565625E+00
+1.323000E+00,+787.233E-03,-1.565625E+00
+1.324000E+00,+787.233E-03,-1.565625E+00
+1.325000E+00,+787.233E-03,-1.565625E+00
+1.326000E+00,+787.233E-03,-1.566016E+00
+1.327000E+00,+787.233E-03,-1.566016E+00
+1.328000E+00,+787.233E-03,-1.566406E+00
+1.329000E+00,+787.233E-03,-1.566797E+00
+1.330000E+00,+787.235E-03,-1.566797E+00
+1.331000E+00,+787.235E-03,-1.566797E+00
+1.332000E+00,+787.235E-03,-1.566797E+00
+1.333000E+00,+787.235E-03,-1.566797E+00
+1.334000E+00,+787.235E-03,-1.566406E+00
+1.335000E+00,+787.235E-03,-1.566406E+00
+1.336000E+00,+787.235E-03,-1.566406E+00
+1.337000E+00,+787.235E-03,-1.566016E+00
+1.338000E+00,+787.235E-03,-1.565625E+00
+1.339000E+00,+787.235E-03,-1.565625E+00
+1.340000E+00,+787.235E-03,-1.565625E+00
+1.341000E+00,+787.235E-03,-1.565625E+00
+1.342000E+00,+787.235E-03,-1.565625E+00
+1.343000E+00,+787.235E-03,-1.566016E+00
+1.344000E+00,+787.235E-03,-1.566406E+00
+1.345000E+00,+787.233E-03,-1.566406E+00
+1.346000E+00,+787.233E-03,-1.566797E+00
+1.347000E+00,+787.235E-03,-1.566797E+00
+1.348000E+00,+787.233E-03,-1.566797E+00
+1.349000E+00,+787.235E-03,-1.566406E+00
+1.350000E+00,+787.235E-03,-1.566406E+00
+1.351000E+00,+787.235E-03,-1.566406E+00
+1.352000E+00,+787.235E-03,-1.566406E+00
+1.353000E+00,+787.235E-03,-1.566016E+00
+1.354000E+00,+787.235E-03,-1.566016E+00
+1.355000E+00,+787.235E-03,-1.565625E+00
+1.356000E+00,+787.235E-03,-1.565625E+00
+1.357000E+00,+787.237E-03,-1.565625E+00
+1.358000E+00,+787.237E-03,-1.565625E+00
+1.359000E+00,+787.237E-03,-1.566016E+00
+1.360000E+00,+787.237E-03,-1.566016E+00
+1.361000E+00,+787.239E-03,-1.566406E+00
+1.362000E+00,+787.239E-03,-1.566406E+00
+1.363000E+00,+787.239E-03,-1.566797E+00
+1.364000E+00,+787.239E-03,-1.566797E+00
+1.365000E+00,+787.239E-03,-1.566797E+00
+1.366000E+00,+787.239E-03,-1.566797E+00
+1.367000E+00,+787.239E-03,-1.566406E+00
+1.368000E+00,+787.239E-03,-1.566406E+00
+1.369000E+00,+787.237E-03,-1.566016E+00
+1.370000E+00,+787.237E-03,-1.566016E+00
+1.371000E+00,+787.237E-03,-1.565625E+00
+1.372000E+00,+787.235E-03,-1.565625E+00
+1.373000E+00,+787.235E-03,-1.565625E+00
+1.374000E+00,+787.235E-03,-1.565625E+00
+1.375000E+00,+787.235E-03,-1.565625E+00
+1.376000E+00,+787.235E-03,-1.566016E+00
+1.377000E+00,+787.233E-03,-1.566016E+00
+1.378000E+00,+787.235E-03,-1.566406E+00
+1.379000E+00,+787.235E-03,-1.566406E+00
+1.380000E+00,+787.235E-03,-1.566797E+00
+1.381000E+00,+787.235E-03,-1.566797E+00
+1.382000E+00,+787.235E-03,-1.566797E+00
+1.383000E+00,+787.235E-03,-1.566797E+00
+1.384000E+00,+787.235E-03,-1.566406E+00
+1.385000E+00,+787.235E-03,-1.566406E+00
+1.386000E+00,+787.235E-03,-1.566406E+00
+1.387000E+00,+787.235E-03,-1.566016E+00
+1.388000E+00,+787.235E-03,-1.565625E+00
+1.389000E+00,+787.235E-03,-1.565625E+00
+1.390000E+00,+787.235E-03,-1.565625E+00
+1.391000E+00,+787.235E-03,-1.565625E+00
+1.392000E+00,+787.235E-03,-1.566016E+00
+1.393000E+00,+787.235E-03,-1.566016E+00
+1.394000E+00,+787.233E-03,-1.566406E+00
+1.395000E+00,+787.235E-03,-1.566797E+00
+1.396000E+00,+787.235E-03,-1.566797E+00
+1.397000E+00,+787.235E-03,-1.566797E+00
+1.398000E+00,+787.235E-03,-1.566797E+00
+1.399000E+00,+787.233E-03,-1.566797E+00
+1.400000E+00,+787.233E-03,-1.566406E+00
+1.401000E+00,+787.233E-03,-1.566406E+00
+1.402000E+00,+787.235E-03,-1.566406E+00
+1.403000E+00,+787.235E-03,-1.566016E+00
+1.404000E+00,+787.235E-03,-1.566016E+00
+1.405000E+00,+787.235E-03,-1.565625E+00
+1.406000E+00,+787.235E-03,-1.565625E+00
+1.407000E+00,+787.235E-03,-1.565625E+00
+1.408000E+00,+787.235E-03,-1.566016E+00
+1.409000E+00,+787.235E-03,-1.566016E+00
+1.410000E+00,+787.235E-03,-1.566016E+00
+1.411000E+00,+787.235E-03,-1.566406E+00
+1.412000E+00,+787.237E-03,-1.566797E+00
+1.413000E+00,+787.237E-03,-1.566797E+00
+1.414000E+00,+787.237E-03,-1.566797E+00
+1.415000E+00,+787.237E-03,-1.566797E+00
+1.416000E+00,+787.237E-03,-1.566797E+00
+1.417000E+00,+787.239E-03,-1.566797E+00
+1.418000E+00,+787.239E-03,-1.566406E+00
+1.419000E+00,+787.239E-03,-1.566406E+00
+1.420000E+00,+787.239E-03,-1.566016E+00
+1.421000E+00,+787.239E-03,-1.566016E+00
+1.422000E+00,+787.237E-03,-1.565625E+00
+1.423000E+00,+787.237E-03,-1.565625E+00
+1.424000E+00,+787.235E-03,-1.565625E+00
+1.425000E+00,+787.235E-03,-1.566016E+00
+1.426000E+00,+787.235E-03,-1.566016E+00
+1.427000E+00,+787.235E-03,-1.566406E+00
+1.428000E+00,+787.235E-03,-1.566406E+00
+1.429000E+00,+787.235E-03,-1.566797E+00
+1.430000E+00,+787.233E-03,-1.566797E+00
+1.431000E+00,+787.233E-03,-1.566797E+00
+1.432000E+00,+787.233E-03,-1.566797E+00
+1.433000E+00,+787.233E-03,-1.566797E+00
+1.434000E+00,+787.233E-03,-1.566406E+00
+1.435000E+00,+787.233E-03,-1.566406E+00
+1.436000E+00,+787.233E-03,-1.566406E+00
+1.437000E+00,+787.233E-03,-1.566016E+00
+1.438000E+00,+787.233E-03,-1.566016E+00
+1.439000E+00,+787.233E-03,-1.565625E+00
+1.440000E+00,+787.233E-03,-1.565625E+00
+1.441000E+00,+787.233E-03,-1.565625E+00
+1.442000E+00,+787.233E-03,-1.566016E+00
+1.443000E+00,+787.233E-03,-1.566016E+00
+1.444000E+00,+787.233E-03,-1.566406E+00
+1.445000E+00,+787.233E-03,-1.566406E+00
+1.446000E+00,+787.233E-03,-1.566797E+00
+1.447000E+00,+787.233E-03,-1.566797E+00
+1.448000E+00,+787.233E-03,-1.566797E+00
+1.449000E+00,+787.233E-03,-1.566797E+00
+1.450000E+00,+787.233E-03,-1.566797E+00
+1.451000E+00,+787.233E-03,-1.566406E+00
+1.452000E+00,+787.233E-03,-1.566406E+00
+1.453000E+00,+787.233E-03,-1.566016E+00
+1.454000E+00,+787.233E-03,-1.566016E+00
+1.455000E+00,+787.233E-03,-1.565625E+00
+1.456000E+00,+787.233E-03,-1.565625E+00
+1.457000E+00,+787.235E-03,-1.565625E+00
+1.458000E+00,+787.235E-03,-1.565625E+00
+1.459000E+00,+787.235E-03,-1.566016E+00
+1.460000E+00,+787.235E-03,-1.566016E+00
+1.461000E+00,+787.235E-03,-1.566406E+00
+1.462000E+00,+787.235E-03,-1.566406E+00
+1.463000E+00,+787.237E-03,-1.566797E+00
+1.464000E+00,+787.237E-03,-1.566797E+00
+1.465000E+00,+787.237E-03,-1.566797E+00
+1.466000E+00,+787.237E-03,-1.566797E+00
+1.467000E+00,+787.239E-03,-1.566797E+00
+1.468000E+00,+787.239E-03,-1.566406E+00
+1.469000E+00,+787.239E-03,-1.566406E+00
+1.470000E+00,+787.239E-03,-1.566016E+00
+1.471000E+00,+787.239E-03,-1.565625E+00
+1.472000E+00,+787.239E-03,-1.565625E+00
+1.473000E+00,+787.239E-03,-1.565625E+00
+1.474000E+00,+787.239E-03,-1.565625E+00
+1.475000E+00,+787.239E-03,-1.565625E+00
+1.476000E+00,+787.237E-03,-1.566016E+00
+1.477000E+00,+787.237E-03,-1.566016E+00
+1.478000E+00,+787.237E-03,-1.566406E+00
+1.479000E+00,+787.235E-03,-1.566797E+00
+1.480000E+00,+787.235E-03,-1.566797E+00
+1.481000E+00,+787.235E-03,-1.566797E+00
+1.482000E+00,+787.235E-03,-1.566797E+00
+1.483000E+00,+787.235E-03,-1.566797E+00
+1.484000E+00,+787.233E-03,-1.566406E+00
+1.485000E+00,+787.233E-03,-1.566406E+00
+1.486000E+00,+787.233E-03,-1.566406E+00
+1.487000E+00,+787.233E-03,-1.566016E+00
+1.488000E+00,+787.233E-03,-1.565625E+00
+1.489000E+00,+787.233E-03,-1.565625E+00
+1.490000E+00,+787.233E-03,-1.565625E+00
+1.491000E+00,+787.233E-03,-1.566016E+00
+1.492000E+00,+787.233E-03,-1.566016E+00
+1.493000E+00,+787.233E-03,-1.566016E+00
+1.494000E+00,+787.233E-03,-1.566406E+00
+1.495000E+00,+787.233E-03,-1.566406E+00
+1.496000E+00,+787.233E-03,-1.566797E+00
+1.497000E+00,+787.233E-03,-1.566797E+00
+1.498000E+00,+787.233E-03,-1.566797E+00
+1.499000E+00,+787.233E-03,-1.566797E+00
+1.500000E+00,+787.233E-03,-1.566797E+00
+1.501000E+00,+787.233E-03,-1.566797E+00
+1.502000E+00,+787.233E-03,-1.566406E+00
+1.503000E+00,+787.233E-03,-1.566016E+00
+1.504000E+00,+787.233E-03,-1.566016E+00
+1.505000E+00,+787.233E-03,-1.565625E+00
+1.506000E+00,+787.233E-03,-1.565625E+00
+1.507000E+00,+787.233E-03,-1.565625E+00
+1.508000E+00,+787.233E-03,-1.566016E+00
+1.509000E+00,+787.233E-03,-1.566016E+00
+1.510000E+00,+787.233E-03,-1.566406E+00
+1.511000E+00,+787.233E-03,-1.566406E+00
+1.512000E+00,+787.233E-03,-1.566797E+00
+1.513000E+00,+787.233E-03,-1.566797E+00
+1.514000E+00,+787.233E-03,-1.566797E+00
+1.515000E+00,+787.233E-03,-1.566797E+00
+1.516000E+00,+787.233E-03,-1.566797E+00
+1.517000E+00,+787.233E-03,-1.566797E+00
+1.518000E+00,+787.233E-03,-1.566406E+00
+1.519000E+00,+787.233E-03,-1.566406E+00
+1.520000E+00,+787.235E-03,-1.566016E+00
+1.521000E+00,+787.233E-03,-1.566016E+00
+1.522000E+00,+787.235E-03,-1.565625E+00
+1.523000E+00,+787.235E-03,-1.565625E+00
+1.524000E+00,+787.235E-03,-1.565625E+00
+1.525000E+00,+787.235E-03,-1.566016E+00
+1.526000E+00,+787.235E-03,-1.566016E+00
+1.527000E+00,+787.235E-03,-1.566016E+00
+1.528000E+00,+787.237E-03,-1.566406E+00
+1.529000E+00,+787.235E-03,-1.566797E+00
+1.530000E+00,+787.237E-03,-1.566797E+00
+1.531000E+00,+787.237E-03,-1.566797E+00
+1.532000E+00,+787.237E-03,-1.566797E+00
+1.533000E+00,+787.237E-03,-1.566797E+00
+1.534000E+00,+787.237E-03,-1.566406E+00
+1.535000E+00,+787.235E-03,-1.566406E+00
+1.536000E+00,+787.235E-03,-1.566406E+00
+1.537000E+00,+787.235E-03,-1.566016E+00
+1.538000E+00,+787.235E-03,-1.566016E+00
+1.539000E+00,+787.235E-03,-1.565625E+00
+1.540000E+00,+787.235E-03,-1.565625E+00
+1.541000E+00,+787.235E-03,-1.565625E+00
+1.542000E+00,+787.235E-03,-1.566016E+00
+1.543000E+00,+787.235E-03,-1.566016E+00
+1.544000E+00,+787.235E-03,-1.566406E+00
+1.545000E+00,+787.235E-03,-1.566406E+00
+1.546000E+00,+787.235E-03,-1.566797E+00
+1.547000E+00,+787.235E-03,-1.566797E+00
+1.548000E+00,+787.233E-03,-1.566797E+00
+1.549000E+00,+787.233E-03,-1.566797E+00
+1.550000E+00,+787.233E-03,-1.566797E+00
+1.551000E+00,+787.233E-03,-1.566797E+00
+1.552000E+00,+787.233E-03,-1.566406E+00
+1.553000E+00,+787.233E-03,-1.566406E+00
+1.554000E+00,+787.233E-03,-1.566016E+00
+1.555000E+00,+787.233E-03,-1.565625E+00
+1.556000E+00,+787.233E-03,-1.565625E+00
+1.557000E+00,+787.233E-03,-1.565625E+00
+1.558000E+00,+787.233E-03,-1.566016E+00
+1.559000E+00,+787.233E-03,-1.566016E+00
+1.560000E+00,+787.233E-03,-1.566016E+00
+1.561000E+00,+787.233E-03,-1.566406E+00
+1.562000E+00,+787.233E-03,-1.566406E+00
+1.563000E+00,+787.233E-03,-1.566797E+00
+1.564000E+00,+787.233E-03,-1.566797E+00
+1.565000E+00,+787.233E-03,-1.566797E+00
+1.566000E+00,+787.233E-03,-1.566797E+00
+1.567000E+00,+787.233E-03,-1.566797E+00
+1.568000E+00,+787.233E-03,-1.566406E+00
+1.569000E+00,+787.233E-03,-1.566406E+00
+1.570000E+00,+787.233E-03,-1.566016E+00
+1.571000E+00,+787.233E-03,-1.566016E+00
+1.572000E+00,+787.233E-03,-1.565625E+00
+1.573000E+00,+787.233E-03,-1.565625E+00
+1.574000E+00,+787.233E-03,-1.565625E+00
+1.575000E+00,+787.233E-03,-1.566016E+00
+1.576000E+00,+787.233E-03,-1.566016E+00
+1.577000E+00,+787.235E-03,-1.566406E+00
+1.578000E+00,+787.235E-03,-1.566406E+00
+1.579000E+00,+787.235E-03,-1.566797E+00
+1.580000E+00,+787.235E-03,-1.566797E+00
+1.581000E+00,+787.237E-03,-1.566797E+00
+1.582000E+00,+787.237E-03,-1.566797E+00
+1.583000E+00,+787.237E-03,-1.566797E+00
+1.584000E+00,+787.237E-03,-1.566797E+00
+1.585000E+00,+787.237E-03,-1.566406E+00
+1.586000E+00,+787.237E-03,-1.566406E+00
+1.587000E+00,+787.237E-03,-1.566016E+00
+1.588000E+00,+787.237E-03,-1.566016E+00
+1.589000E+00,+787.237E-03,-1.565625E+00
+1.590000E+00,+787.237E-03,-1.565625E+00
+1.591000E+00,+787.237E-03,-1.565625E+00
+1.592000E+00,+787.237E-03,-1.566016E+00
+1.593000E+00,+787.237E-03,-1.566016E+00
+1.594000E+00,+787.235E-03,-1.566406E+00
+1.595000E+00,+787.235E-03,-1.566406E+00
+1.596000E+00,+787.235E-03,-1.566797E+00
+1.597000E+00,+787.235E-03,-1.566797E+00
+1.598000E+00,+787.235E-03,-1.566797E+00
+1.599000E+00,+787.235E-03,-1.566797E+00
+1.600000E+00,+787.235E-03,-1.566797E+00
+1.601000E+00,+787.235E-03,-1.566797E+00
+1.602000E+00,+787.233E-03,-1.566406E+00
+1.603000E+00,+787.233E-03,-1.566406E+00
+1.604000E+00,+787.233E-03,-1.566016E+00
+1.605000E+00,+787.233E-03,-1.566016E+00
+1.606000E+00,+787.233E-03,-1.565625E+00
+1.607000E+00,+787.233E-03,-1.565625E+00
+1.608000E+00,+787.233E-03,-1.565625E+00
+1.609000E+00,+787.233E-03,-1.566016E+00
+1.610000E+00,+787.233E-03,-1.566016E+00
+1.611000E+00,+787.233E-03,-1.566406E+00
+1.612000E+00,+787.233E-03,-1.566797E+00
+1.613000E+00,+787.233E-03,-1.566797E+00
+1.614000E+00,+787.233E-03,-1.566797E+00
+1.615000E+00,+787.233E-03,-1.566797E+00
+1.616000E+00,+787.233E-03,-1.566797E+00
+1.617000E+00,+787.233E-03,-1.566797E+00
+1.618000E+00,+787.233E-03,-1.566406E+00
+1.619000E+00,+787.233E-03,-1.566406E+00
+1.620000E+00,+787.233E-03,-1.566016E+00
+1.621000E+00,+787.233E-03,-1.566016E+00
+1.622000E+00,+787.233E-03,-1.565625E+00
+1.623000E+00,+787.233E-03,-1.565625E+00
+1.624000E+00,+787.233E-03,-1.565625E+00
+1.625000E+00,+787.233E-03,-1.566016E+00
+1.626000E+00,+787.233E-03,-1.566016E+00
+1.627000E+00,+787.233E-03,-1.566406E+00
+1.628000E+00,+787.233E-03,-1.566406E+00
+1.629000E+00,+787.233E-03,-1.566797E+00
+1.630000E+00,+787.235E-03,-1.566797E+00
+1.631000E+00,+787.235E-03,-1.566797E+00
+1.632000E+00,+787.235E-03,-1.566797E+00
+1.633000E+00,+787.237E-03,-1.566797E+00
+1.634000E+00,+787.237E-03,-1.566797E+00
+1.635000E+00,+787.239E-03,-1.566406E+00
+1.636000E+00,+787.239E-03,-1.566406E+00
+1.637000E+00,+787.239E-03,-1.566016E+00
+1.638000E+00,+787.239E-03,-1.566016E+00
+1.639000E+00,+787.239E-03,-1.565625E+00
+1.640000E+00,+787.239E-03,-1.565625E+00
+1.641000E+00,+787.239E-03,-1.566016E+00
+1.642000E+00,+787.239E-03,-1.566016E+00
+1.643000E+00,+787.239E-03,-1.566016E+00
+1.644000E+00,+787.237E-03,-1.566406E+00
+1.645000E+00,+787.237E-03,-1.566797E+00
+1.646000E+00,+787.237E-03,-1.566797E+00
+1.647000E+00,+787.237E-03,-1.566797E+00
+1.648000E+00,+787.237E-03,-1.566797E+00
+1.649000E+00,+787.237E-03,-1.566797E+00
+1.650000E+00,+787.235E-03,-1.566797E+00
+1.651000E+00,+787.235E-03,-1.566406E+00
+1.652000E+00,+787.235E-03,-1.566406E+00
+1.653000E+00,+787.235E-03,-1.566406E+00
+1.654000E+00,+787.233E-03,-1.566016E+00
+1.655000E+00,+787.233E-03,-1.565625E+00
+1.656000E+00,+787.233E-03,-1.565625E+00
+1.657000E+00,+787.233E-03,-1.565625E+00
+1.658000E+00,+787.233E-03,-1.566016E+00
+1.659000E+00,+787.233E-03,-1.566016E+00
+1.660000E+00,+787.233E-03,-1.566406E+00
+1.661000E+00,+787.233E-03,-1.566406E+00
+1.662000E+00,+787.233E-03,-1.566797E+00
+1.663000E+00,+787.233E-03,-1.566797E+00
+1.664000E+00,+787.233E-03,-1.566797E+00
+1.665000E+00,+787.233E-03,-1.566797E+00
+1.666000E+00,+787.233E-03,-1.566797E+00
+1.667000E+00,+787.233E-03,-1.566797E+00
+1.668000E+00,+787.233E-03,-1.566406E+00
+1.669000E+00,+787.233E-03,-1.566406E+00
+1.670000E+00,+787.233E-03,-1.566016E+00
+1.671000E+00,+787.233E-03,-1.566016E+00
+1.672000E+00,+787.233E-03,-1.565625E+00
+1.673000E+00,+787.233E-03,-1.565625E+00
+1.674000E+00,+787.233E-03,-1.565625E+00
+1.675000E+00,+787.233E-03,-1.566016E+00
+1.676000E+00,+787.233E-03,-1.566016E+00
+1.677000E+00,+787.233E-03,-1.566406E+00
+1.678000E+00,+787.233E-03,-1.566406E+00
+1.679000E+00,+787.233E-03,-1.566797E+00
+1.680000E+00,+787.233E-03,-1.566797E+00
+1.681000E+00,+787.233E-03,-1.566797E+00
+1.682000E+00,+787.233E-03,-1.566797E+00
+1.683000E+00,+787.235E-03,-1.566797E+00
+1.684000E+00,+787.235E-03,-1.566797E+00
+1.685000E+00,+787.237E-03,-1.566406E+00
+1.686000E+00,+787.237E-03,-1.566406E+00
+1.687000E+00,+787.239E-03,-1.566016E+00
+1.688000E+00,+787.239E-03,-1.566016E+00
+1.689000E+00,+787.239E-03,-1.565625E+00
+1.690000E+00,+787.239E-03,-1.565625E+00
+1.691000E+00,+787.239E-03,-1.566016E+00
+1.692000E+00,+787.239E-03,-1.566016E+00
+1.693000E+00,+787.239E-03,-1.566016E+00
+1.694000E+00,+787.239E-03,-1.566406E+00
+1.695000E+00,+787.239E-03,-1.566797E+00
+1.696000E+00,+787.239E-03,-1.566797E+00
+1.697000E+00,+787.239E-03,-1.566797E+00
+1.698000E+00,+787.239E-03,-1.566797E+00
+1.699000E+00,+787.237E-03,-1.566797E+00
+1.700000E+00,+787.237E-03,-1.566797E+00
+1.701000E+00,+787.237E-03,-1.566406E+00
+1.702000E+00,+787.237E-03,-1.566406E+00
+1.703000E+00,+787.237E-03,-1.566406E+00
+1.704000E+00,+787.235E-03,-1.566016E+00
+1.705000E+00,+787.235E-03,-1.566016E+00
+1.706000E+00,+787.235E-03,-1.565625E+00
+1.707000E+00,+787.235E-03,-1.565625E+00
+1.708000E+00,+787.235E-03,-1.566016E+00
+1.709000E+00,+787.235E-03,-1.566016E+00
+1.710000E+00,+787.235E-03,-1.566016E+00
+1.711000E+00,+787.233E-03,-1.566406E+00
+1.712000E+00,+787.233E-03,-1.566797E+00
+1.713000E+00,+787.233E-03,-1.566797E+00
+1.714000E+00,+787.233E-03,-1.566797E+00
+1.715000E+00,+787.233E-03,-1.566797E+00
+1.716000E+00,+787.233E-03,-1.566797E+00
+1.717000E+00,+787.233E-03,-1.566797E+00
+1.718000E+00,+787.233E-03,-1.566406E+00
+1.719000E+00,+787.233E-03,-1.566406E+00
+1.720000E+00,+787.233E-03,-1.566016E+00
+1.721000E+00,+787.233E-03,-1.566016E+00
+1.722000E+00,+787.233E-03,-1.565625E+00
+1.723000E+00,+787.233E-03,-1.565625E+00
+1.724000E+00,+787.233E-03,-1.566016E+00
+1.725000E+00,+787.233E-03,-1.566016E+00
+1.726000E+00,+787.233E-03,-1.566016E+00
+1.727000E+00,+787.233E-03,-1.566406E+00
+1.728000E+00,+787.233E-03,-1.566406E+00
+1.729000E+00,+787.233E-03,-1.566797E+00
+1.730000E+00,+787.233E-03,-1.566797E+00
+1.731000E+00,+787.233E-03,-1.566797E+00
+1.732000E+00,+787.233E-03,-1.566797E+00
+1.733000E+00,+787.233E-03,-1.566797E+00
+1.734000E+00,+787.233E-03,-1.566797E+00
+1.735000E+00,+787.233E-03,-1.566406E+00
+1.736000E+00,+787.233E-03,-1.566406E+00
+1.737000E+00,+787.233E-03,-1.566406E+00
+1.738000E+00,+787.235E-03,-1.566016E+00
+1.739000E+00,+787.235E-03,-1.565625E+00
+1.740000E+00,+787.235E-03,-1.565625E+00
+1.741000E+00,+787.235E-03,-1.566016E+00
+1.742000E+00,+787.235E-03,-1.566016E+00
+1.743000E+00,+787.237E-03,-1.566016E+00
+1.744000E+00,+787.237E-03,-1.566406E+00
+1.745000E+00,+787.237E-03,-1.566797E+00
+1.746000E+00,+787.237E-03,-1.566797E+00
+1.747000E+00,+787.237E-03,-1.566797E+00
+1.748000E+00,+787.237E-03,-1.566797E+00
+1.749000E+00,+787.237E-03,-1.566797E+00
+1.750000E+00,+787.237E-03,-1.566797E+00
+1.751000E+00,+787.237E-03,-1.566406E+00
+1.752000E+00,+787.237E-03,-1.566406E+00
+1.753000E+00,+787.235E-03,-1.566406E+00
+1.754000E+00,+787.235E-03,-1.566016E+00
+1.755000E+00,+787.235E-03,-1.565625E+00
+1.756000E+00,+787.235E-03,-1.565625E+00
+1.757000E+00,+787.235E-03,-1.565625E+00
+1.758000E+00,+787.235E-03,-1.566016E+00
+1.759000E+00,+787.235E-03,-1.566016E+00
+1.760000E+00,+787.235E-03,-1.566406E+00
+1.761000E+00,+787.235E-03,-1.566406E+00
+1.762000E+00,+787.235E-03,-1.566797E+00
+1.763000E+00,+787.233E-03,-1.566797E+00
+1.764000E+00,+787.233E-03,-1.566797E+00
+1.765000E+00,+787.233E-03,-1.566797E+00
+1.766000E+00,+787.233E-03,-1.566797E+00
+1.767000E+00,+787.233E-03,-1.566797E+00
+1.768000E+00,+787.233E-03,-1.566406E+00
+1.769000E+00,+787.233E-03,-1.566406E+00
+1.770000E+00,+787.233E-03,-1.566016E+00
+1.771000E+00,+787.233E-03,-1.566016E+00
+1.772000E+00,+787.233E-03,-1.565625E+00
+1.773000E+00,+787.233E-03,-1.565625E+00
+1.774000E+00,+787.233E-03,-1.565625E+00
+1.775000E+00,+787.233E-03,-1.566016E+00
+1.776000E+00,+787.233E-03,-1.566016E+00
+1.777000E+00,+787.233E-03,-1.566406E+00
+1.778000E+00,+787.233E-03,-1.566406E+00
+1.779000E+00,+787.233E-03,-1.566797E+00
+1.780000E+00,+787.233E-03,-1.566797E+00
+1.781000E+00,+787.233E-03,-1.566797E+00
+1.782000E+00,+787.233E-03,-1.566797E+00
+1.783000E+00,+787.233E-03,-1.566797E+00
+1.784000E+00,+787.233E-03,-1.566797E+00
+1.785000E+00,+787.233E-03,-1.566406E+00
+1.786000E+00,+787.233E-03,-1.566406E+00
+1.787000E+00,+787.233E-03,-1.566406E+00
+1.788000E+00,+787.233E-03,-1.566016E+00
+1.789000E+00,+787.233E-03,-1.565625E+00
+1.790000E+00,+787.233E-03,-1.566016E+00
+1.791000E+00,+787.235E-03,-1.566016E+00
+1.792000E+00,+787.235E-03,-1.566016E+00
+1.793000E+00,+787.235E-03,-1.566016E+00
+1.794000E+00,+787.235E-03,-1.566406E+00
+1.795000E+00,+787.237E-03,-1.566406E+00
+1.796000E+00,+787.237E-03,-1.566797E+00
+1.797000E+00,+787.237E-03,-1.566797E+00
+1.798000E+00,+787.237E-03,-1.566797E+00
+1.799000E+00,+787.237E-03,-1.566797E+00
+1.800000E+00,+787.237E-03,-1.566797E+00
+1.801000E+00,+787.237E-03,-1.566797E+00
+1.802000E+00,+787.237E-03,-1.566406E+00
+1.803000E+00,+787.237E-03,-1.566406E+00
+1.804000E+00,+787.237E-03,-1.566016E+00
+1.805000E+00,+787.237E-03,-1.566016E+00
+1.806000E+00,+787.235E-03,-1.565625E+00
+1.807000E+00,+787.235E-03,-1.565625E+00
+1.808000E+00,+787.235E-03,-1.566016E+00
+1.809000E+00,+787.235E-03,-1.566016E+00
+1.810000E+00,+787.235E-03,-1.566016E+00
+1.811000E+00,+787.235E-03,-1.566406E+00
+1.812000E+00,+787.235E-03,-1.566797E+00
+1.813000E+00,+787.235E-03,-1.566797E+00
+1.814000E+00,+787.235E-03,-1.566797E+00
+1.815000E+00,+787.233E-03,-1.566797E+00
+1.816000E+00,+787.233E-03,-1.566797E+00
+1.817000E+00,+787.233E-03,-1.566797E+00
+1.818000E+00,+787.233E-03,-1.566797E+00
+1.819000E+00,+787.233E-03,-1.566406E+00
+1.820000E+00,+787.233E-03,-1.566016E+00
+1.821000E+00,+787.233E-03,-1.566016E+00
+1.822000E+00,+787.233E-03,-1.566016E+00
+1.823000E+00,+787.233E-03,-1.565625E+00
+1.824000E+00,+787.233E-03,-1.566016E+00
+1.825000E+00,+787.233E-03,-1.566016E+00
+1.826000E+00,+787.233E-03,-1.566016E+00
+1.827000E+00,+787.233E-03,-1.566406E+00
+1.828000E+00,+787.233E-03,-1.566406E+00
+1.829000E+00,+787.233E-03,-1.566797E+00
+1.830000E+00,+787.233E-03,-1.566797E+00
+1.831000E+00,+787.233E-03,-1.566797E+00
+1.832000E+00,+787.233E-03,-1.566797E+00
+1.833000E+00,+787.233E-03,-1.566797E+00
+1.834000E+00,+787.233E-03,-1.566797E+00
+1.835000E+00,+787.233E-03,-1.566406E+00
+1.836000E+00,+787.233E-03,-1.566406E+00
+1.837000E+00,+787.233E-03,-1.566406E+00
+1.838000E+00,+787.233E-03,-1.566016E+00
+1.839000E+00,+787.233E-03,-1.566016E+00
+1.840000E+00,+787.233E-03,-1.565625E+00
+1.841000E+00,+787.233E-03,-1.566016E+00
+1.842000E+00,+787.233E-03,-1.566016E+00
+1.843000E+00,+787.233E-03,-1.566016E+00
+1.844000E+00,+787.233E-03,-1.566406E+00
+1.845000E+00,+787.233E-03,-1.566797E+00
+1.846000E+00,+787.233E-03,-1.566797E+00
+1.847000E+00,+787.233E-03,-1.566797E+00
+1.848000E+00,+787.235E-03,-1.566797E+00
+1.849000E+00,+787.235E-03,-1.566797E+00
+1.850000E+00,+787.235E-03,-1.566797E+00
+1.851000E+00,+787.235E-03,-1.566797E+00
+1.852000E+00,+787.237E-03,-1.566406E+00
+1.853000E+00,+787.237E-03,-1.566406E+00
+1.854000E+00,+787.237E-03,-1.566016E+00
+1.855000E+00,+787.237E-03,-1.566016E+00
+1.856000E+00,+787.237E-03,-1.565625E+00
+1.857000E+00,+787.237E-03,-1.565625E+00
+1.858000E+00,+787.237E-03,-1.566016E+00
+1.859000E+00,+787.237E-03,-1.566016E+00
+1.860000E+00,+787.237E-03,-1.566406E+00
+1.861000E+00,+787.237E-03,-1.566406E+00
+1.862000E+00,+787.237E-03,-1.566797E+00
+1.863000E+00,+787.237E-03,-1.566797E+00
+1.864000E+00,+787.237E-03,-1.566797E+00
+1.865000E+00,+787.235E-03,-1.566797E+00
+1.866000E+00,+787.235E-03,-1.566797E+00
+1.867000E+00,+787.235E-03,-1.566797E+00
+1.868000E+00,+787.235E-03,-1.566797E+00
+1.869000E+00,+787.235E-03,-1.566406E+00
+1.870000E+00,+787.235E-03,-1.566406E+00
+1.871000E+00,+787.235E-03,-1.566016E+00
+1.872000E+00,+787.233E-03,-1.565625E+00
+1.873000E+00,+787.233E-03,-1.565625E+00
+1.874000E+00,+787.233E-03,-1.566016E+00
+1.875000E+00,+787.233E-03,-1.566016E+00
+1.876000E+00,+787.233E-03,-1.566016E+00
+1.877000E+00,+787.233E-03,-1.566406E+00
+1.878000E+00,+787.233E-03,-1.566406E+00
+1.879000E+00,+787.233E-03,-1.566797E+00
+1.880000E+00,+787.233E-03,-1.566797E+00
+1.881000E+00,+787.233E-03,-1.566797E+00
+1.882000E+00,+787.233E-03,-1.566797E+00
+1.883000E+00,+787.233E-03,-1.566797E+00
+1.884000E+00,+787.233E-03,-1.566797E+00
+1.885000E+00,+787.233E-03,-1.566406E+00
+1.886000E+00,+787.233E-03,-1.566406E+00
+1.887000E+00,+787.233E-03,-1.566016E+00
+1.888000E+00,+787.233E-03,-1.566016E+00
+1.889000E+00,+787.233E-03,-1.565625E+00
+1.890000E+00,+787.233E-03,-1.565625E+00
+1.891000E+00,+787.233E-03,-1.566016E+00
+1.892000E+00,+787.233E-03,-1.566016E+00
+1.893000E+00,+787.233E-03,-1.566016E+00
+1.894000E+00,+787.233E-03,-1.566406E+00
+1.895000E+00,+787.233E-03,-1.566797E+00
+1.896000E+00,+787.233E-03,-1.566797E+00
+1.897000E+00,+787.233E-03,-1.566797E+00
+1.898000E+00,+787.233E-03,-1.566797E+00
+1.899000E+00,+787.233E-03,-1.566797E+00
+1.900000E+00,+787.233E-03,-1.566797E+00
+1.901000E+00,+787.235E-03,-1.566797E+00
+1.902000E+00,+787.235E-03,-1.566406E+00
+1.903000E+00,+787.235E-03,-1.566406E+00
+1.904000E+00,+787.235E-03,-1.566016E+00
+1.905000E+00,+787.237E-03,-1.566016E+00
+1.906000E+00,+787.237E-03,-1.565625E+00
+1.907000E+00,+787.237E-03,-1.566016E+00
+1.908000E+00,+787.237E-03,-1.566016E+00
+1.909000E+00,+787.237E-03,-1.566016E+00
+1.910000E+00,+787.237E-03,-1.566406E+00
+1.911000E+00,+787.237E-03,-1.566406E+00
+1.912000E+00,+787.237E-03,-1.566797E+00
+1.913000E+00,+787.237E-03,-1.566797E+00
+1.914000E+00,+787.237E-03,-1.566797E+00
+1.915000E+00,+787.237E-03,-1.566797E+00
+1.916000E+00,+787.237E-03,-1.566797E+00
+1.917000E+00,+787.237E-03,-1.566797E+00
+1.918000E+00,+787.237E-03,-1.566797E+00
+1.919000E+00,+787.235E-03,-1.566406E+00
+1.920000E+00,+787.235E-03,-1.566406E+00
+1.921000E+00,+787.235E-03,-1.566016E+00
+1.922000E+00,+787.235E-03,-1.565625E+00
+1.923000E+00,+787.235E-03,-1.565625E+00
+1.924000E+00,+787.235E-03,-1.566016E+00
+1.925000E+00,+787.233E-03,-1.566016E+00
+1.926000E+00,+787.233E-03,-1.566016E+00
+1.927000E+00,+787.233E-03,-1.566406E+00
+1.928000E+00,+787.233E-03,-1.566406E+00
+1.929000E+00,+787.233E-03,-1.566797E+00
+1.930000E+00,+787.233E-03,-1.566797E+00
+1.931000E+00,+787.233E-03,-1.566797E+00
+1.932000E+00,+787.233E-03,-1.566797E+00
+1.933000E+00,+787.233E-03,-1.566797E+00
+1.934000E+00,+787.233E-03,-1.566797E+00
+1.935000E+00,+787.233E-03,-1.566406E+00
+1.936000E+00,+787.233E-03,-1.566406E+00
+1.937000E+00,+787.233E-03,-1.566016E+00
+1.938000E+00,+787.233E-03,-1.566016E+00
+1.939000E+00,+787.233E-03,-1.565625E+00
+1.940000E+00,+787.233E-03,-1.565625E+00
+1.941000E+00,+787.233E-03,-1.566016E+00
+1.942000E+00,+787.233E-03,-1.566016E+00
+1.943000E+00,+787.233E-03,-1.566016E+00
+1.944000E+00,+787.233E-03,-1.566406E+00
+1.945000E+00,+787.233E-03,-1.566797E+00
+1.946000E+00,+787.233E-03,-1.566797E+00
+1.947000E+00,+787.233E-03,-1.566797E+00
+1.948000E+00,+787.233E-03,-1.566797E+00
+1.949000E+00,+787.233E-03,-1.566797E+00
+1.950000E+00,+787.233E-03,-1.566797E+00
+1.951000E+00,+787.233E-03,-1.566797E+00
+1.952000E+00,+787.233E-03,-1.566406E+00
+1.953000E+00,+787.233E-03,-1.566406E+00
+1.954000E+00,+787.233E-03,-1.566016E+00
+1.955000E+00,+787.235E-03,-1.566016E+00
+1.956000E+00,+787.235E-03,-1.565625E+00
+1.957000E+00,+787.235E-03,-1.566016E+00
+1.958000E+00,+787.235E-03,-1.566016E+00
+1.959000E+00,+787.237E-03,-1.566016E+00
+1.960000E+00,+787.237E-03,-1.566406E+00
+1.961000E+00,+787.237E-03,-1.566406E+00
+1.962000E+00,+787.237E-03,-1.566797E+00
+1.963000E+00,+787.237E-03,-1.566797E+00
+1.964000E+00,+787.237E-03,-1.566797E+00
+1.965000E+00,+787.237E-03,-1.566797E+00
+1.966000E+00,+787.237E-03,-1.566797E+00
+1.967000E+00,+787.237E-03,-1.566797E+00
+1.968000E+00,+787.237E-03,-1.566797E+00
+1.969000E+00,+787.237E-03,-1.566406E+00
+1.970000E+00,+787.235E-03,-1.566406E+00
+1.971000E+00,+787.235E-03,-1.566016E+00
+1.972000E+00,+787.235E-03,-1.566016E+00
+1.973000E+00,+787.235E-03,-1.565625E+00
+1.974000E+00,+787.235E-03,-1.566016E+00
+1.975000E+00,+787.235E-03,-1.566016E+00
+1.976000E+00,+787.235E-03,-1.566016E+00
+1.977000E+00,+787.235E-03,-1.566406E+00
+1.978000E+00,+787.235E-03,-1.566797E+00
+1.979000E+00,+787.235E-03,-1.566797E+00
+1.980000E+00,+787.233E-03,-1.566797E+00
+1.981000E+00,+787.233E-03,-1.566797E+00
+1.982000E+00,+787.233E-03,-1.566797E+00
+1.983000E+00,+787.233E-03,-1.566797E+00
+1.984000E+00,+787.233E-03,-1.566797E+00
+1.985000E+00,+787.233E-03,-1.566406E+00
+1.986000E+00,+787.233E-03,-1.566406E+00
+1.987000E+00,+787.233E-03,-1.566016E+00
+1.988000E+00,+787.233E-03,-1.566016E+00
+1.989000E+00,+787.233E-03,-1.566016E+00
+1.990000E+00,+787.233E-03,-1.565625E+00
+1.991000E+00,+787.233E-03,-1.566016E+00
+1.992000E+00,+787.233E-03,-1.566016E+00
+1.993000E+00,+787.233E-03,-1.566016E+00
+1.994000E+00,+787.233E-03,-1.566406E+00
+1.995000E+00,+787.233E-03,-1.566797E+00
+1.996000E+00,+787.233E-03,-1.566797E+00
+1.997000E+00,+787.233E-03,-1.566797E+00
+1.998000E+00,+787.233E-03,-1.566797E+00
+1.999000E+00,+787.233E-03,-1.566406E+00
+2.000000E+00,+787.233E-03,-1.361719E+00
+2.001000E+00,+787.233E-03,-1.003906E+00
+2.002000E+00,+787.233E-03,-748.437E-03
+2.003000E+00,+787.235E-03,-578.125E-03
+2.004000E+00,+787.235E-03,-473.828E-03
+2.005000E+00,+787.237E-03,-414.453E-03
+2.006000E+00,+787.241E-03,-384.375E-03
+2.007000E+00,+787.243E-03,-372.266E-03
+2.008000E+00,+787.249E-03,-369.531E-03
+2.009000E+00,+787.255E-03,-372.656E-03
+2.010000E+00,+787.264E-03,-376.562E-03
+2.011000E+00,+787.274E-03,-380.859E-03
+2.012000E+00,+787.286E-03,-385.547E-03
+2.013000E+00,+787.302E-03,-388.281E-03
+2.014000E+00,+787.319E-03,-388.672E-03
+2.015000E+00,+787.341E-03,-389.453E-03
+2.016000E+00,+787.364E-03,-389.453E-03
+2.017000E+00,+787.391E-03,-389.453E-03
+2.018000E+00,+787.423E-03,-389.453E-03
+2.019000E+00,+787.458E-03,-389.062E-03
+2.020000E+00,+787.495E-03,-388.672E-03
+2.021000E+00,+787.542E-03,-388.672E-03
+2.022000E+00,+787.587E-03,-388.672E-03
+2.023000E+00,+787.641E-03,-388.672E-03
+2.024000E+00,+787.694E-03,-388.281E-03
+2.025000E+00,+787.755E-03,-388.281E-03
+2.026000E+00,+787.815E-03,-388.281E-03
+2.027000E+00,+787.872E-03,-388.281E-03
+2.028000E+00,+787.930E-03,-388.281E-03
+2.029000E+00,+787.985E-03,-388.281E-03
+2.030000E+00,+788.044E-03,-388.281E-03
+2.031000E+00,+788.098E-03,-388.281E-03
+2.032000E+00,+788.155E-03,-388.281E-03
+2.033000E+00,+788.208E-03,-388.281E-03
+2.034000E+00,+788.262E-03,-387.891E-03
+2.035000E+00,+788.315E-03,-387.891E-03
+2.036000E+00,+788.372E-03,-387.891E-03
+2.037000E+00,+788.428E-03,-387.500E-03
+2.038000E+00,+788.485E-03,-387.109E-03
+2.039000E+00,+788.546E-03,-386.719E-03
+2.040000E+00,+788.606E-03,-386.719E-03
+2.041000E+00,+788.669E-03,-386.719E-03
+2.042000E+00,+788.729E-03,-386.719E-03
+2.043000E+00,+788.794E-03,-387.109E-03
+2.044000E+00,+788.856E-03,-387.109E-03
+2.045000E+00,+788.917E-03,-387.500E-03
+2.046000E+00,+788.973E-03,-387.891E-03
+2.047000E+00,+789.032E-03,-387.500E-03
+2.048000E+00,+789.085E-03,-387.500E-03
+2.049000E+00,+789.141E-03,-387.500E-03
+2.050000E+00,+789.194E-03,-387.109E-03
+2.051000E+00,+789.245E-03,-387.109E-03
+2.052000E+00,+789.296E-03,-386.719E-03
+2.053000E+00,+789.346E-03,-386.328E-03
+2.054000E+00,+789.397E-03,-385.937E-03
+2.055000E+00,+789.450E-03,-385.547E-03
+2.056000E+00,+789.503E-03,-385.156E-03
+2.057000E+00,+789.553E-03,-385.547E-03
+2.058000E+00,+789.608E-03,-385.547E-03
+2.059000E+00,+789.661E-03,-385.937E-03
+2.060000E+00,+789.718E-03,-385.937E-03
+2.061000E+00,+789.772E-03,-386.328E-03
+2.062000E+00,+789.827E-03,-386.719E-03
+2.063000E+00,+789.878E-03,-387.109E-03
+2.064000E+00,+789.928E-03,-387.109E-03
+2.065000E+00,+789.981E-03,-387.109E-03
+2.066000E+00,+790.030E-03,-386.719E-03
+2.067000E+00,+790.075E-03,-386.719E-03
+2.068000E+00,+790.124E-03,-386.328E-03
+2.069000E+00,+790.171E-03,-385.937E-03
+2.070000E+00,+790.216E-03,-385.547E-03
+2.071000E+00,+790.259E-03,-384.766E-03
+2.072000E+00,+790.303E-03,-384.766E-03
+2.073000E+00,+790.350E-03,-384.375E-03
+2.074000E+00,+790.395E-03,-384.766E-03
+2.075000E+00,+790.442E-03,-384.766E-03
+2.076000E+00,+790.489E-03,-385.156E-03
+2.077000E+00,+790.536E-03,-385.547E-03
+2.078000E+00,+790.585E-03,-385.937E-03
+2.079000E+00,+790.636E-03,-386.328E-03
+2.080000E+00,+790.682E-03,-386.719E-03
+2.081000E+00,+790.731E-03,-386.719E-03
+2.082000E+00,+790.776E-03,-386.719E-03
+2.083000E+00,+790.825E-03,-386.328E-03
+2.084000E+00,+790.868E-03,-385.937E-03
+2.085000E+00,+790.913E-03,-385.547E-03
+2.086000E+00,+790.956E-03,-385.156E-03
+2.087000E+00,+790.997E-03,-384.766E-03
+2.088000E+00,+791.036E-03,-384.375E-03
+2.089000E+00,+791.075E-03,-383.984E-03
+2.090000E+00,+791.114E-03,-383.984E-03
+2.091000E+00,+791.151E-03,-384.375E-03
+2.092000E+00,+791.192E-03,-384.375E-03
+2.093000E+00,+791.227E-03,-385.156E-03
+2.094000E+00,+791.266E-03,-385.156E-03
+2.095000E+00,+791.305E-03,-385.937E-03
+2.096000E+00,+791.343E-03,-386.328E-03
+2.097000E+00,+791.382E-03,-386.328E-03
+2.098000E+00,+791.419E-03,-386.328E-03
+2.099000E+00,+791.458E-03,-386.328E-03
+2.100000E+00,+791.495E-03,-385.937E-03
+2.101000E+00,+791.532E-03,-385.547E-03
+2.102000E+00,+791.567E-03,-385.156E-03
+2.103000E+00,+791.602E-03,-384.766E-03
+2.104000E+00,+791.636E-03,-384.375E-03
+2.105000E+00,+791.669E-03,-383.594E-03
+2.106000E+00,+791.698E-03,-383.594E-03
+2.107000E+00,+791.729E-03,-383.594E-03
+2.108000E+00,+791.759E-03,-383.984E-03
+2.109000E+00,+791.788E-03,-384.375E-03
+2.110000E+00,+791.815E-03,-384.766E-03
+2.111000E+00,+791.846E-03,-385.156E-03
+2.112000E+00,+791.874E-03,-385.937E-03
+2.113000E+00,+791.903E-03,-385.937E-03
+2.114000E+00,+791.928E-03,-386.328E-03
+2.115000E+00,+791.960E-03,-386.328E-03
+2.116000E+00,+791.987E-03,-385.937E-03
+2.117000E+00,+792.012E-03,-385.547E-03
+2.118000E+00,+792.040E-03,-385.156E-03
+2.119000E+00,+792.067E-03,-384.766E-03
+2.120000E+00,+792.095E-03,-384.375E-03
+2.121000E+00,+792.118E-03,-383.984E-03
+2.122000E+00,+792.143E-03,-383.594E-03
+2.123000E+00,+792.165E-03,-383.594E-03
+2.124000E+00,+792.188E-03,-383.594E-03
+2.125000E+00,+792.212E-03,-383.984E-03
+2.126000E+00,+792.235E-03,-384.375E-03
+2.127000E+00,+792.255E-03,-384.766E-03
+2.128000E+00,+792.278E-03,-385.156E-03
+2.129000E+00,+792.300E-03,-385.937E-03
+2.130000E+00,+792.325E-03,-385.937E-03
+2.131000E+00,+792.348E-03,-385.937E-03
+2.132000E+00,+792.372E-03,-385.937E-03
+2.133000E+00,+792.397E-03,-385.937E-03
+2.134000E+00,+792.423E-03,-385.547E-03
+2.135000E+00,+792.448E-03,-385.156E-03
+2.136000E+00,+792.473E-03,-384.766E-03
+2.137000E+00,+792.499E-03,-383.984E-03
+2.138000E+00,+792.522E-03,-383.594E-03
+2.139000E+00,+792.550E-03,-383.203E-03
+2.140000E+00,+792.571E-03,-383.594E-03
+2.141000E+00,+792.593E-03,-383.594E-03
+2.142000E+00,+792.614E-03,-383.984E-03
+2.143000E+00,+792.634E-03,-384.375E-03
+2.144000E+00,+792.653E-03,-384.766E-03
+2.145000E+00,+792.673E-03,-385.156E-03
+2.146000E+00,+792.692E-03,-385.937E-03
+2.147000E+00,+792.714E-03,-385.937E-03
+2.148000E+00,+792.729E-03,-385.937E-03
+2.149000E+00,+792.751E-03,-385.937E-03
+2.150000E+00,+792.770E-03,-385.547E-03
+2.151000E+00,+792.792E-03,-385.156E-03
+2.152000E+00,+792.815E-03,-384.766E-03
+2.153000E+00,+792.835E-03,-384.375E-03
+2.154000E+00,+792.852E-03,-383.984E-03
+2.155000E+00,+792.870E-03,-383.594E-03
+2.156000E+00,+792.889E-03,-383.203E-03
+2.157000E+00,+792.907E-03,-383.594E-03
+2.158000E+00,+792.923E-03,-383.594E-03
+2.159000E+00,+792.936E-03,-383.984E-03
+2.160000E+00,+792.950E-03,-384.375E-03
+2.161000E+00,+792.960E-03,-384.766E-03
+2.162000E+00,+792.971E-03,-385.547E-03
+2.163000E+00,+792.981E-03,-385.937E-03
+2.164000E+00,+792.993E-03,-385.937E-03
+2.165000E+00,+793.003E-03,-385.937E-03
+2.166000E+00,+793.012E-03,-385.547E-03
+2.167000E+00,+793.024E-03,-385.156E-03
+2.168000E+00,+793.036E-03,-384.766E-03
+2.169000E+00,+793.050E-03,-384.766E-03
+2.170000E+00,+793.063E-03,-383.984E-03
+2.171000E+00,+793.077E-03,-383.594E-03
+2.172000E+00,+793.089E-03,-383.594E-03
+2.173000E+00,+793.104E-03,-383.203E-03
+2.174000E+00,+793.114E-03,-383.594E-03
+2.175000E+00,+793.128E-03,-383.594E-03
+2.176000E+00,+793.139E-03,-383.984E-03
+2.177000E+00,+793.149E-03,-384.375E-03
+2.178000E+00,+793.157E-03,-384.766E-03
+2.179000E+00,+793.165E-03,-385.547E-03
+2.180000E+00,+793.171E-03,-385.937E-03
+2.181000E+00,+793.182E-03,-385.937E-03
+2.182000E+00,+793.190E-03,-385.937E-03
+2.183000E+00,+793.200E-03,-385.547E-03
+2.184000E+00,+793.210E-03,-385.156E-03
+2.185000E+00,+793.220E-03,-384.766E-03
+2.186000E+00,+793.233E-03,-384.375E-03
+2.187000E+00,+793.249E-03,-383.984E-03
+2.188000E+00,+793.261E-03,-383.594E-03
+2.189000E+00,+793.274E-03,-383.203E-03
+2.190000E+00,+793.290E-03,-383.203E-03
+2.191000E+00,+793.300E-03,-383.594E-03
+2.192000E+00,+793.315E-03,-383.594E-03
+2.193000E+00,+793.327E-03,-383.984E-03
+2.194000E+00,+793.339E-03,-384.766E-03
+2.195000E+00,+793.345E-03,-385.156E-03
+2.196000E+00,+793.354E-03,-385.547E-03
+2.197000E+00,+793.362E-03,-385.937E-03
+2.198000E+00,+793.370E-03,-385.937E-03
+2.199000E+00,+793.378E-03,-385.547E-03
+2.200000E+00,+793.384E-03,-385.547E-03
+2.201000E+00,+793.391E-03,-385.156E-03
+2.202000E+00,+793.399E-03,-384.766E-03
+2.203000E+00,+793.411E-03,-383.984E-03
+2.204000E+00,+793.419E-03,-383.594E-03
+2.205000E+00,+793.432E-03,-383.203E-03
+2.206000E+00,+793.442E-03,-383.203E-03
+2.207000E+00,+793.456E-03,-383.203E-03
+2.208000E+00,+793.464E-03,-383.594E-03
+2.209000E+00,+793.473E-03,-383.984E-03
+2.210000E+00,+793.485E-03,-383.984E-03
+2.211000E+00,+793.491E-03,-384.766E-03
+2.212000E+00,+793.497E-03,-385.156E-03
+2.213000E+00,+793.501E-03,-385.547E-03
+2.214000E+00,+793.505E-03,-385.547E-03
+2.215000E+00,+793.507E-03,-385.547E-03
+2.216000E+00,+793.509E-03,-385.547E-03
+2.217000E+00,+793.512E-03,-385.156E-03
+2.218000E+00,+793.518E-03,-384.766E-03
+2.219000E+00,+793.516E-03,-384.375E-03
+2.220000E+00,+793.524E-03,-383.984E-03
+2.221000E+00,+793.528E-03,-383.203E-03
+2.222000E+00,+793.538E-03,-383.203E-03
+2.223000E+00,+793.544E-03,-383.203E-03
+2.224000E+00,+793.552E-03,-383.203E-03
+2.225000E+00,+793.561E-03,-383.594E-03
+2.226000E+00,+793.567E-03,-383.984E-03
+2.227000E+00,+793.573E-03,-384.375E-03
+2.228000E+00,+793.581E-03,-384.766E-03
+2.229000E+00,+793.587E-03,-385.156E-03
+2.230000E+00,+793.591E-03,-385.547E-03
+2.231000E+00,+793.593E-03,-385.547E-03
+2.232000E+00,+793.595E-03,-385.937E-03
+2.233000E+00,+793.596E-03,-385.547E-03
+2.234000E+00,+793.600E-03,-385.156E-03
+2.235000E+00,+793.602E-03,-384.766E-03
+2.236000E+00,+793.606E-03,-384.375E-03
+2.237000E+00,+793.610E-03,-383.594E-03
+2.238000E+00,+793.614E-03,-383.203E-03
+2.239000E+00,+793.624E-03,-383.203E-03
+2.240000E+00,+793.630E-03,-383.203E-03
+2.241000E+00,+793.637E-03,-383.594E-03
+2.242000E+00,+793.645E-03,-383.594E-03
+2.243000E+00,+793.657E-03,-383.984E-03
+2.244000E+00,+793.665E-03,-384.375E-03
+2.245000E+00,+793.669E-03,-385.156E-03
+2.246000E+00,+793.677E-03,-385.547E-03
+2.247000E+00,+793.682E-03,-385.937E-03
+2.248000E+00,+793.686E-03,-385.547E-03
+2.249000E+00,+793.690E-03,-385.547E-03
+2.250000E+00,+793.694E-03,-385.156E-03
+2.251000E+00,+793.694E-03,-385.156E-03
+2.252000E+00,+793.698E-03,-384.375E-03
+2.253000E+00,+793.698E-03,-383.984E-03
+2.254000E+00,+793.704E-03,-383.594E-03
+2.255000E+00,+793.706E-03,-383.203E-03
+2.256000E+00,+793.712E-03,-383.203E-03
+2.257000E+00,+793.718E-03,-383.203E-03
+2.258000E+00,+793.725E-03,-383.594E-03
+2.259000E+00,+793.731E-03,-383.594E-03
+2.260000E+00,+793.739E-03,-383.984E-03
+2.261000E+00,+793.747E-03,-384.375E-03
+2.262000E+00,+793.753E-03,-385.156E-03
+2.263000E+00,+793.755E-03,-385.547E-03
+2.264000E+00,+793.759E-03,-385.937E-03
+2.265000E+00,+793.762E-03,-385.547E-03
+2.266000E+00,+793.762E-03,-385.547E-03
+2.267000E+00,+793.764E-03,-385.156E-03
+2.268000E+00,+793.764E-03,-384.766E-03
+2.269000E+00,+793.764E-03,-384.375E-03
+2.270000E+00,+793.764E-03,-383.984E-03
+2.271000E+00,+793.764E-03,-383.203E-03
+2.272000E+00,+793.766E-03,-383.203E-03
+2.273000E+00,+793.768E-03,-383.203E-03
+2.274000E+00,+793.768E-03,-383.203E-03
+2.275000E+00,+793.772E-03,-383.594E-03
+2.276000E+00,+793.778E-03,-383.984E-03
+2.277000E+00,+793.780E-03,-384.375E-03
+2.278000E+00,+793.786E-03,-384.766E-03
+2.279000E+00,+793.786E-03,-385.156E-03
+2.280000E+00,+793.792E-03,-385.547E-03
+2.281000E+00,+793.792E-03,-385.547E-03
+2.282000E+00,+793.796E-03,-385.547E-03
+2.283000E+00,+793.796E-03,-385.547E-03
+2.284000E+00,+793.798E-03,-385.156E-03
+2.285000E+00,+793.796E-03,-384.766E-03
+2.286000E+00,+793.798E-03,-383.984E-03
+2.287000E+00,+793.796E-03,-383.594E-03
+2.288000E+00,+793.798E-03,-383.203E-03
+2.289000E+00,+793.796E-03,-383.203E-03
+2.290000E+00,+793.796E-03,-383.203E-03
+2.291000E+00,+793.800E-03,-383.203E-03
+2.292000E+00,+793.800E-03,-383.594E-03
+2.293000E+00,+793.803E-03,-383.984E-03
+2.294000E+00,+793.809E-03,-384.375E-03
+2.295000E+00,+793.813E-03,-384.766E-03
+2.296000E+00,+793.817E-03,-385.547E-03
+2.297000E+00,+793.821E-03,-385.547E-03
+2.298000E+00,+793.825E-03,-385.937E-03
+2.299000E+00,+793.829E-03,-385.547E-03
+2.300000E+00,+793.831E-03,-385.156E-03
+2.301000E+00,+793.837E-03,-384.766E-03
+2.302000E+00,+793.837E-03,-384.375E-03
+2.303000E+00,+793.841E-03,-383.984E-03
+2.304000E+00,+793.839E-03,-383.594E-03
+2.305000E+00,+793.839E-03,-383.203E-03
+2.306000E+00,+793.843E-03,-383.203E-03
+2.307000E+00,+793.845E-03,-383.203E-03
+2.308000E+00,+793.846E-03,-383.203E-03
+2.309000E+00,+793.848E-03,-383.594E-03
+2.310000E+00,+793.850E-03,-383.984E-03
+2.311000E+00,+793.856E-03,-384.375E-03
+2.312000E+00,+793.860E-03,-384.766E-03
+2.313000E+00,+793.864E-03,-385.547E-03
+2.314000E+00,+793.872E-03,-385.547E-03
+2.315000E+00,+793.874E-03,-385.547E-03
+2.316000E+00,+793.878E-03,-385.547E-03
+2.317000E+00,+793.878E-03,-385.156E-03
+2.318000E+00,+793.884E-03,-384.766E-03
+2.319000E+00,+793.886E-03,-384.375E-03
+2.320000E+00,+793.886E-03,-383.594E-03
+2.321000E+00,+793.886E-03,-383.203E-03
+2.322000E+00,+793.886E-03,-383.203E-03
+2.323000E+00,+793.886E-03,-383.203E-03
+2.324000E+00,+793.884E-03,-383.203E-03
+2.325000E+00,+793.884E-03,-383.594E-03
+2.326000E+00,+793.882E-03,-383.984E-03
+2.327000E+00,+793.882E-03,-384.375E-03
+2.328000E+00,+793.882E-03,-384.766E-03
+2.329000E+00,+793.882E-03,-385.156E-03
+2.330000E+00,+793.882E-03,-385.547E-03
+2.331000E+00,+793.884E-03,-385.547E-03
+2.332000E+00,+793.886E-03,-385.547E-03
+2.333000E+00,+793.887E-03,-385.156E-03
+2.334000E+00,+793.886E-03,-385.156E-03
+2.335000E+00,+793.889E-03,-384.766E-03
+2.336000E+00,+793.887E-03,-383.984E-03
+2.337000E+00,+793.889E-03,-383.594E-03
+2.338000E+00,+793.889E-03,-383.203E-03
+2.339000E+00,+793.889E-03,-383.203E-03
+2.340000E+00,+793.886E-03,-383.203E-03
+2.341000E+00,+793.886E-03,-383.203E-03
+2.342000E+00,+793.882E-03,-383.594E-03
+2.343000E+00,+793.882E-03,-383.984E-03
+2.344000E+00,+793.880E-03,-384.375E-03
+2.345000E+00,+793.882E-03,-384.766E-03
+2.346000E+00,+793.882E-03,-385.156E-03
+2.347000E+00,+793.880E-03,-385.547E-03
+2.348000E+00,+793.884E-03,-385.547E-03
+2.349000E+00,+793.886E-03,-385.547E-03
+2.350000E+00,+793.889E-03,-385.156E-03
+2.351000E+00,+793.893E-03,-384.766E-03
+2.352000E+00,+793.895E-03,-384.375E-03
+2.353000E+00,+793.899E-03,-383.984E-03
+2.354000E+00,+793.903E-03,-383.594E-03
+2.355000E+00,+793.905E-03,-383.203E-03
+2.356000E+00,+793.909E-03,-383.203E-03
+2.357000E+00,+793.913E-03,-383.203E-03
+2.358000E+00,+793.911E-03,-383.203E-03
+2.359000E+00,+793.913E-03,-383.594E-03
+2.360000E+00,+793.911E-03,-383.984E-03
+2.361000E+00,+793.915E-03,-384.375E-03
+2.362000E+00,+793.915E-03,-385.156E-03
+2.363000E+00,+793.917E-03,-385.547E-03
+2.364000E+00,+793.915E-03,-385.547E-03
+2.365000E+00,+793.919E-03,-385.547E-03
+2.366000E+00,+793.921E-03,-385.547E-03
+2.367000E+00,+793.925E-03,-385.156E-03
+2.368000E+00,+793.927E-03,-384.766E-03
+2.369000E+00,+793.930E-03,-384.375E-03
+2.370000E+00,+793.934E-03,-383.594E-03
+2.371000E+00,+793.936E-03,-383.203E-03
+2.372000E+00,+793.940E-03,-382.812E-03
+2.373000E+00,+793.942E-03,-383.203E-03
+2.374000E+00,+793.944E-03,-383.203E-03
+2.375000E+00,+793.944E-03,-383.594E-03
+2.376000E+00,+793.942E-03,-383.594E-03
+2.377000E+00,+793.940E-03,-384.375E-03
+2.378000E+00,+793.936E-03,-384.375E-03
+2.379000E+00,+793.934E-03,-385.156E-03
+2.380000E+00,+793.930E-03,-385.547E-03
+2.381000E+00,+793.927E-03,-385.547E-03
+2.382000E+00,+793.925E-03,-385.547E-03
+2.383000E+00,+793.925E-03,-385.156E-03
+2.384000E+00,+793.923E-03,-384.766E-03
+2.385000E+00,+793.923E-03,-384.375E-03
+2.386000E+00,+793.923E-03,-383.984E-03
+2.387000E+00,+793.923E-03,-383.594E-03
+2.388000E+00,+793.927E-03,-383.203E-03
+2.389000E+00,+793.925E-03,-383.203E-03
+2.390000E+00,+793.927E-03,-382.812E-03
+2.391000E+00,+793.927E-03,-383.203E-03
+2.392000E+00,+793.927E-03,-383.594E-03
+2.393000E+00,+793.925E-03,-383.984E-03
+2.394000E+00,+793.919E-03,-384.375E-03
+2.395000E+00,+793.917E-03,-384.766E-03
+2.396000E+00,+793.915E-03,-385.156E-03
+2.397000E+00,+793.911E-03,-385.547E-03
+2.398000E+00,+793.909E-03,-385.547E-03
+2.399000E+00,+793.907E-03,-385.547E-03
+2.400000E+00,+793.905E-03,-385.156E-03
+2.401000E+00,+793.907E-03,-384.766E-03
+2.402000E+00,+793.909E-03,-384.375E-03
+2.403000E+00,+793.911E-03,-383.984E-03
+2.404000E+00,+793.919E-03,-383.203E-03
+2.405000E+00,+793.921E-03,-382.812E-03
+2.406000E+00,+793.927E-03,-382.812E-03
+2.407000E+00,+793.928E-03,-383.203E-03
+2.408000E+00,+793.934E-03,-383.203E-03
+2.409000E+00,+793.940E-03,-383.594E-03
+2.410000E+00,+793.942E-03,-383.984E-03
+2.411000E+00,+793.942E-03,-384.375E-03
+2.412000E+00,+793.942E-03,-384.766E-03
+2.413000E+00,+793.940E-03,-385.547E-03
+2.414000E+00,+793.942E-03,-385.547E-03
+2.415000E+00,+793.942E-03,-385.547E-03
+2.416000E+00,+793.944E-03,-385.156E-03
+2.417000E+00,+793.942E-03,-385.156E-03
+2.418000E+00,+793.944E-03,-384.766E-03
+2.419000E+00,+793.944E-03,-384.375E-03
+2.420000E+00,+793.948E-03,-383.594E-03
+2.421000E+00,+793.952E-03,-383.203E-03
+2.422000E+00,+793.956E-03,-382.812E-03
+2.423000E+00,+793.960E-03,-382.812E-03
+2.424000E+00,+793.964E-03,-383.203E-03
+2.425000E+00,+793.968E-03,-383.203E-03
+2.426000E+00,+793.970E-03,-383.984E-03
+2.427000E+00,+793.971E-03,-383.984E-03
+2.428000E+00,+793.971E-03,-384.766E-03
+2.429000E+00,+793.970E-03,-385.156E-03
+2.430000E+00,+793.966E-03,-385.547E-03
+2.431000E+00,+793.962E-03,-385.547E-03
+2.432000E+00,+793.956E-03,-385.547E-03
+2.433000E+00,+793.952E-03,-385.156E-03
+2.434000E+00,+793.948E-03,-384.766E-03
+2.435000E+00,+793.946E-03,-384.375E-03
+2.436000E+00,+793.942E-03,-383.984E-03
+2.437000E+00,+793.938E-03,-383.594E-03
+2.438000E+00,+793.942E-03,-383.203E-03
+2.439000E+00,+793.940E-03,-382.812E-03
+2.440000E+00,+793.944E-03,-382.812E-03
+2.441000E+00,+793.942E-03,-383.203E-03
+2.442000E+00,+793.942E-03,-383.594E-03
+2.443000E+00,+793.944E-03,-383.984E-03
+2.444000E+00,+793.944E-03,-384.375E-03
+2.445000E+00,+793.942E-03,-384.766E-03
+2.446000E+00,+793.942E-03,-385.156E-03
+2.447000E+00,+793.936E-03,-385.547E-03
+2.448000E+00,+793.936E-03,-385.547E-03
+2.449000E+00,+793.930E-03,-385.156E-03
+2.450000E+00,+793.927E-03,-385.156E-03
+2.451000E+00,+793.925E-03,-384.766E-03
+2.452000E+00,+793.925E-03,-384.375E-03
+2.453000E+00,+793.925E-03,-383.984E-03
+2.454000E+00,+793.923E-03,-383.203E-03
+2.455000E+00,+793.927E-03,-382.812E-03
+2.456000E+00,+793.928E-03,-382.812E-03
+2.457000E+00,+793.932E-03,-382.812E-03
+2.458000E+00,+793.938E-03,-383.203E-03
+2.459000E+00,+793.942E-03,-383.594E-03
+2.460000E+00,+793.946E-03,-383.984E-03
+2.461000E+00,+793.952E-03,-384.375E-03
+2.462000E+00,+793.954E-03,-385.156E-03
+2.463000E+00,+793.958E-03,-385.547E-03
+2.464000E+00,+793.958E-03,-385.547E-03
+2.465000E+00,+793.960E-03,-385.547E-03
+2.466000E+00,+793.958E-03,-385.156E-03
+2.467000E+00,+793.956E-03,-385.156E-03
+2.468000E+00,+793.956E-03,-384.375E-03
+2.469000E+00,+793.956E-03,-384.375E-03
+2.470000E+00,+793.956E-03,-383.594E-03
+2.471000E+00,+793.956E-03,-383.203E-03
+2.472000E+00,+793.958E-03,-382.812E-03
+2.473000E+00,+793.958E-03,-383.203E-03
+2.474000E+00,+793.964E-03,-383.203E-03
+2.475000E+00,+793.966E-03,-383.203E-03
+2.476000E+00,+793.971E-03,-383.594E-03
+2.477000E+00,+793.973E-03,-383.984E-03
+2.478000E+00,+793.977E-03,-384.375E-03
+2.479000E+00,+793.977E-03,-385.156E-03
+2.480000E+00,+793.981E-03,-385.547E-03
+2.481000E+00,+793.979E-03,-385.547E-03
+2.482000E+00,+793.977E-03,-385.547E-03
+2.483000E+00,+793.975E-03,-385.156E-03
+2.484000E+00,+793.970E-03,-384.766E-03
+2.485000E+00,+793.968E-03,-384.375E-03
+2.486000E+00,+793.962E-03,-383.984E-03
+2.487000E+00,+793.960E-03,-383.594E-03
+2.488000E+00,+793.956E-03,-383.203E-03
+2.489000E+00,+793.956E-03,-382.812E-03
+2.490000E+00,+793.954E-03,-382.812E-03
+2.491000E+00,+793.952E-03,-383.203E-03
+2.492000E+00,+793.952E-03,-383.594E-03
+2.493000E+00,+793.954E-03,-383.594E-03
+2.494000E+00,+793.954E-03,-384.375E-03
+2.495000E+00,+793.956E-03,-384.766E-03
+2.496000E+00,+793.954E-03,-385.156E-03
+2.497000E+00,+793.952E-03,-385.547E-03
+2.498000E+00,+793.954E-03,-385.547E-03
+2.499000E+00,+793.950E-03,-385.547E-03
+2.500000E+00,+793.952E-03,-385.156E-03
+2.501000E+00,+793.948E-03,-384.766E-03
+2.502000E+00,+793.946E-03,-384.375E-03
+2.503000E+00,+793.940E-03,-383.984E-03
+2.504000E+00,+793.940E-03,-383.203E-03
+2.505000E+00,+793.934E-03,-383.203E-03
+2.506000E+00,+793.936E-03,-382.812E-03
+2.507000E+00,+793.936E-03,-383.203E-03
+2.508000E+00,+793.936E-03,-383.203E-03
+2.509000E+00,+793.936E-03,-383.594E-03
+2.510000E+00,+793.940E-03,-383.984E-03
+2.511000E+00,+793.944E-03,-384.375E-03
+2.512000E+00,+793.948E-03,-384.766E-03
+2.513000E+00,+793.950E-03,-385.547E-03
+2.514000E+00,+793.952E-03,-385.547E-03
+2.515000E+00,+793.954E-03,-385.547E-03
+2.516000E+00,+793.956E-03,-385.156E-03
+2.517000E+00,+793.958E-03,-385.156E-03
+2.518000E+00,+793.960E-03,-384.766E-03
+2.519000E+00,+793.962E-03,-383.984E-03
+2.520000E+00,+793.958E-03,-383.594E-03
+2.521000E+00,+793.958E-03,-383.203E-03
+2.522000E+00,+793.958E-03,-383.203E-03
+2.523000E+00,+793.958E-03,-383.203E-03
+2.524000E+00,+793.958E-03,-383.203E-03
+2.525000E+00,+793.960E-03,-383.594E-03
+2.526000E+00,+793.962E-03,-383.984E-03
+2.527000E+00,+793.964E-03,-383.984E-03
+2.528000E+00,+793.966E-03,-384.375E-03
+2.529000E+00,+793.970E-03,-385.156E-03
+2.530000E+00,+793.971E-03,-385.547E-03
+2.531000E+00,+793.975E-03,-385.547E-03
+2.532000E+00,+793.975E-03,-385.547E-03
+2.533000E+00,+793.977E-03,-385.156E-03
+2.534000E+00,+793.979E-03,-385.156E-03
+2.535000E+00,+793.979E-03,-384.375E-03
+2.536000E+00,+793.981E-03,-383.984E-03
+2.537000E+00,+793.975E-03,-383.594E-03
+2.538000E+00,+793.975E-03,-383.203E-03
+2.539000E+00,+793.971E-03,-383.203E-03
+2.540000E+00,+793.971E-03,-382.812E-03
+2.541000E+00,+793.968E-03,-383.203E-03
+2.542000E+00,+793.968E-03,-383.594E-03
+2.543000E+00,+793.964E-03,-383.984E-03
+2.544000E+00,+793.962E-03,-384.375E-03
+2.545000E+00,+793.962E-03,-384.766E-03
+2.546000E+00,+793.960E-03,-385.156E-03
+2.547000E+00,+793.960E-03,-385.547E-03
+2.548000E+00,+793.962E-03,-385.547E-03
+2.549000E+00,+793.960E-03,-385.547E-03
+2.550000E+00,+793.960E-03,-385.156E-03
+2.551000E+00,+793.960E-03,-384.766E-03
+2.552000E+00,+793.958E-03,-384.375E-03
+2.553000E+00,+793.962E-03,-383.594E-03
+2.554000E+00,+793.958E-03,-383.203E-03
+2.555000E+00,+793.956E-03,-383.203E-03
+2.556000E+00,+793.952E-03,-382.812E-03
+2.557000E+00,+793.950E-03,-383.203E-03
+2.558000E+00,+793.948E-03,-383.203E-03
+2.559000E+00,+793.948E-03,-383.594E-03
+2.560000E+00,+793.946E-03,-383.984E-03
+2.561000E+00,+793.946E-03,-384.375E-03
+2.562000E+00,+793.942E-03,-384.766E-03
+2.563000E+00,+793.942E-03,-385.156E-03
+2.564000E+00,+793.944E-03,-385.547E-03
+2.565000E+00,+793.946E-03,-385.547E-03
+2.566000E+00,+793.952E-03,-385.156E-03
+2.567000E+00,+793.952E-03,-384.766E-03
+2.568000E+00,+793.956E-03,-384.766E-03
+2.569000E+00,+793.958E-03,-383.984E-03
+2.570000E+00,+793.962E-03,-383.594E-03
+2.571000E+00,+793.962E-03,-383.203E-03
+2.572000E+00,+793.968E-03,-382.812E-03
+2.573000E+00,+793.966E-03,-382.812E-03
+2.574000E+00,+793.968E-03,-383.203E-03
+2.575000E+00,+793.968E-03,-383.203E-03
+2.576000E+00,+793.968E-03,-383.594E-03
+2.577000E+00,+793.968E-03,-383.984E-03
+2.578000E+00,+793.968E-03,-384.766E-03
+2.579000E+00,+793.968E-03,-385.156E-03
+2.580000E+00,+793.968E-03,-385.547E-03
+2.581000E+00,+793.970E-03,-385.547E-03
+2.582000E+00,+793.971E-03,-385.547E-03
+2.583000E+00,+793.971E-03,-385.156E-03
+2.584000E+00,+793.975E-03,-384.766E-03
+2.585000E+00,+793.979E-03,-384.375E-03
+2.586000E+00,+793.979E-03,-383.984E-03
+2.587000E+00,+793.983E-03,-383.203E-03
+2.588000E+00,+793.983E-03,-383.203E-03
+2.589000E+00,+793.985E-03,-382.812E-03
+2.590000E+00,+793.987E-03,-382.812E-03
+2.591000E+00,+793.987E-03,-383.203E-03
+2.592000E+00,+793.981E-03,-383.594E-03
+2.593000E+00,+793.981E-03,-383.594E-03
+2.594000E+00,+793.975E-03,-384.375E-03
+2.595000E+00,+793.975E-03,-384.766E-03
+2.596000E+00,+793.971E-03,-385.156E-03
+2.597000E+00,+793.968E-03,-385.547E-03
+2.598000E+00,+793.966E-03,-385.547E-03
+2.599000E+00,+793.962E-03,-385.547E-03
+2.600000E+00,+793.964E-03,-385.156E-03
+2.601000E+00,+793.962E-03,-384.766E-03
+2.602000E+00,+793.964E-03,-384.375E-03
+2.603000E+00,+793.964E-03,-383.594E-03
+2.604000E+00,+793.964E-03,-383.203E-03
+2.605000E+00,+793.964E-03,-382.812E-03
+2.606000E+00,+793.966E-03,-382.812E-03
+2.607000E+00,+793.964E-03,-383.203E-03
+2.608000E+00,+793.964E-03,-383.203E-03
+2.609000E+00,+793.962E-03,-383.594E-03
+2.610000E+00,+793.960E-03,-383.984E-03
+2.611000E+00,+793.958E-03,-384.375E-03
+2.612000E+00,+793.952E-03,-384.766E-03
+2.613000E+00,+793.950E-03,-385.156E-03
+2.614000E+00,+793.944E-03,-385.547E-03
+2.615000E+00,+793.946E-03,-385.547E-03
+2.616000E+00,+793.944E-03,-385.156E-03
+2.617000E+00,+793.942E-03,-384.766E-03
+2.618000E+00,+793.942E-03,-384.766E-03
+2.619000E+00,+793.944E-03,-383.984E-03
+2.620000E+00,+793.948E-03,-383.594E-03
+2.621000E+00,+793.952E-03,-382.812E-03
+2.622000E+00,+793.956E-03,-382.812E-03
+2.623000E+00,+793.960E-03,-382.812E-03
+2.624000E+00,+793.964E-03,-382.812E-03
+2.625000E+00,+793.966E-03,-383.203E-03
+2.626000E+00,+793.970E-03,-383.594E-03
+2.627000E+00,+793.971E-03,-383.984E-03
+2.628000E+00,+793.970E-03,-384.375E-03
+2.629000E+00,+793.970E-03,-385.156E-03
+2.630000E+00,+793.968E-03,-385.547E-03
+2.631000E+00,+793.968E-03,-385.547E-03
+2.632000E+00,+793.968E-03,-385.547E-03
+2.633000E+00,+793.966E-03,-385.156E-03
+2.634000E+00,+793.966E-03,-384.766E-03
+2.635000E+00,+793.968E-03,-384.375E-03
+2.636000E+00,+793.973E-03,-383.984E-03
+2.637000E+00,+793.975E-03,-383.594E-03
+2.638000E+00,+793.979E-03,-382.812E-03
+2.639000E+00,+793.985E-03,-382.812E-03
+2.640000E+00,+793.987E-03,-382.812E-03
+2.641000E+00,+793.991E-03,-383.203E-03
+2.642000E+00,+793.993E-03,-383.594E-03
+2.643000E+00,+793.995E-03,-383.984E-03
+2.644000E+00,+793.995E-03,-384.375E-03
+2.645000E+00,+793.997E-03,-384.766E-03
+2.646000E+00,+793.991E-03,-385.156E-03
+2.647000E+00,+793.987E-03,-385.547E-03
+2.648000E+00,+793.985E-03,-385.547E-03
+2.649000E+00,+793.981E-03,-385.547E-03
+2.650000E+00,+793.977E-03,-385.156E-03
+2.651000E+00,+793.973E-03,-384.766E-03
+2.652000E+00,+793.970E-03,-384.375E-03
+2.653000E+00,+793.970E-03,-383.594E-03
+2.654000E+00,+793.966E-03,-383.203E-03
+2.655000E+00,+793.968E-03,-382.812E-03
+2.656000E+00,+793.966E-03,-382.812E-03
+2.657000E+00,+793.968E-03,-383.203E-03
+2.658000E+00,+793.968E-03,-383.203E-03
+2.659000E+00,+793.968E-03,-383.594E-03
+2.660000E+00,+793.970E-03,-383.984E-03
+2.661000E+00,+793.968E-03,-384.375E-03
+2.662000E+00,+793.966E-03,-384.766E-03
+2.663000E+00,+793.964E-03,-385.547E-03
+2.664000E+00,+793.958E-03,-385.547E-03
+2.665000E+00,+793.950E-03,-385.547E-03
+2.666000E+00,+793.948E-03,-385.156E-03
+2.667000E+00,+793.946E-03,-384.766E-03
+2.668000E+00,+793.942E-03,-384.766E-03
+2.669000E+00,+793.940E-03,-383.984E-03
+2.670000E+00,+793.940E-03,-383.594E-03
+2.671000E+00,+793.940E-03,-383.203E-03
+2.672000E+00,+793.944E-03,-382.812E-03
+2.673000E+00,+793.946E-03,-382.812E-03
+2.674000E+00,+793.950E-03,-383.203E-03
+2.675000E+00,+793.956E-03,-383.203E-03
+2.676000E+00,+793.962E-03,-383.594E-03
+2.677000E+00,+793.966E-03,-383.984E-03
+2.678000E+00,+793.970E-03,-384.766E-03
+2.679000E+00,+793.973E-03,-385.156E-03
+2.680000E+00,+793.973E-03,-385.547E-03
+2.681000E+00,+793.977E-03,-385.547E-03
+2.682000E+00,+793.975E-03,-385.547E-03
+2.683000E+00,+793.975E-03,-385.156E-03
+2.684000E+00,+793.975E-03,-384.766E-03
+2.685000E+00,+793.975E-03,-384.375E-03
+2.686000E+00,+793.971E-03,-383.984E-03
+2.687000E+00,+793.975E-03,-383.594E-03
+2.688000E+00,+793.977E-03,-383.203E-03
+2.689000E+00,+793.979E-03,-382.812E-03
+2.690000E+00,+793.981E-03,-382.812E-03
+2.691000E+00,+793.985E-03,-383.203E-03
+2.692000E+00,+793.991E-03,-383.203E-03
+2.693000E+00,+793.995E-03,-383.984E-03
+2.694000E+00,+793.997E-03,-384.375E-03
+2.695000E+00,+793.999E-03,-384.766E-03
+2.696000E+00,+793.999E-03,-385.156E-03
+2.697000E+00,+793.999E-03,-385.547E-03
+2.698000E+00,+794.001E-03,-385.547E-03
+2.699000E+00,+793.995E-03,-385.547E-03
+2.700000E+00,+793.993E-03,-385.156E-03
+2.701000E+00,+793.987E-03,-384.766E-03
+2.702000E+00,+793.983E-03,-384.375E-03
+2.703000E+00,+793.977E-03,-383.984E-03
+2.704000E+00,+793.975E-03,-383.203E-03
+2.705000E+00,+793.971E-03,-382.812E-03
+2.706000E+00,+793.970E-03,-382.812E-03
+2.707000E+00,+793.968E-03,-383.203E-03
+2.708000E+00,+793.966E-03,-383.203E-03
+2.709000E+00,+793.968E-03,-383.594E-03
+2.710000E+00,+793.968E-03,-383.984E-03
+2.711000E+00,+793.968E-03,-384.375E-03
+2.712000E+00,+793.968E-03,-384.766E-03
+2.713000E+00,+793.968E-03,-385.156E-03
+2.714000E+00,+793.966E-03,-385.547E-03
+2.715000E+00,+793.966E-03,-385.547E-03
+2.716000E+00,+793.962E-03,-385.156E-03
+2.717000E+00,+793.960E-03,-385.156E-03
+2.718000E+00,+793.956E-03,-384.375E-03
+2.719000E+00,+793.954E-03,-383.984E-03
+2.720000E+00,+793.950E-03,-383.594E-03
+2.721000E+00,+793.950E-03,-383.203E-03
+2.722000E+00,+793.948E-03,-382.812E-03
+2.723000E+00,+793.946E-03,-382.812E-03
+2.724000E+00,+793.948E-03,-382.812E-03
+2.725000E+00,+793.950E-03,-383.203E-03
+2.726000E+00,+793.952E-03,-383.594E-03
+2.727000E+00,+793.954E-03,-383.984E-03
+2.728000E+00,+793.960E-03,-384.375E-03
+2.729000E+00,+793.962E-03,-385.156E-03
+2.730000E+00,+793.966E-03,-385.547E-03
+2.731000E+00,+793.968E-03,-385.547E-03
Anlg Ch State  Volts/div  Position  Coupling  BW Limit  Invert 
 Ch 1:    On    1.00mV/    791.2mV     DC        On       Off  
 Ch 2:    On     200mV/    -825mV      DC        On       Off  

Anlg Ch  Probe  
 Ch 1:  0.5 : 1 
 Ch 2:  1.0 : 1 

Trigger  Mode   Coupling  Noise Rej  HF Reject  Holdoff 
  Edge  Normal     DC        Off        Off       60ns  

Trigger  Source    Slope   Level 
        External  Rising  +1.06V 

Time Time Ref  Main S/div  Delay 
Main   Left      200ms/    932ms 

Acquisition  # Avgs  Realtime  Vectors  Infinite Persistence 
 Averaging     32       Off       On             Off         

